feature,value
close__variance_larger_than_standard_deviation,1.0
close__has_duplicate_max,0.0
close__has_duplicate_min,0.0
close__has_duplicate,1.0
close__sum_values,9978.199999999999
close__abs_energy,578723.9516000001
close__mean_abs_change,1.3971264367816094
close__mean_change,0.1585057471264368
close__mean_second_derivative_central,0.00985549132947978
close__median,56.9
close__mean,57.01828571428571
close__length,175.0
close__standard_deviation,7.477239018978782
close__variation_coefficient,0.1311375627188558
close__variance,55.90910334693878
close__skewness,0.6228979577361115
close__kurtosis,0.12076924731574712
close__root_mean_square,57.506469280793596
close__absolute_sum_of_changes,243.10000000000002
close__longest_strike_below_mean,50.0
close__longest_strike_above_mean,28.0
close__count_above_mean,86.0
close__count_below_mean,89.0
close__last_location_of_maximum,0.96
close__first_location_of_maximum,0.9542857142857143
close__last_location_of_minimum,0.03428571428571425
close__first_location_of_minimum,0.02857142857142857
close__percentage_of_reoccurring_values_to_all_values,0.023391812865497075
close__percentage_of_reoccurring_datapoints_to_all_datapoints,0.045714285714285714
close__sum_of_reoccurring_values,231.43
close__sum_of_reoccurring_data_points,462.86
close__ratio_value_number_to_time_series_length,0.9771428571428571
close__sample_entropy,0.5751397032013517
close__maximum,80.15
close__absolute_maximum,80.15
close__minimum,43.06
close__benford_correlation,-0.2655259899032062
close__time_reversal_asymmetry_statistic__lag_1,1936.5435178034677
close__time_reversal_asymmetry_statistic__lag_2,4039.818773298245
close__time_reversal_asymmetry_statistic__lag_3,6557.040890556216
close__c3__lag_1,194376.35884168211
close__c3__lag_2,193527.6411318304
close__c3__lag_3,192521.87078373373
close__cid_ce__normalize_True,3.408538253433794
close__cid_ce__normalize_False,25.48645522625695
close__symmetry_looking__r_0.0,0.0
close__symmetry_looking__r_0.05,1.0
close__symmetry_looking__r_0.1,1.0
close__symmetry_looking__r_0.15000000000000002,1.0
close__symmetry_looking__r_0.2,1.0
close__symmetry_looking__r_0.25,1.0
close__symmetry_looking__r_0.30000000000000004,1.0
close__symmetry_looking__r_0.35000000000000003,1.0
close__symmetry_looking__r_0.4,1.0
close__symmetry_looking__r_0.45,1.0
close__symmetry_looking__r_0.5,1.0
close__symmetry_looking__r_0.55,1.0
close__symmetry_looking__r_0.6000000000000001,1.0
close__symmetry_looking__r_0.65,1.0
close__symmetry_looking__r_0.7000000000000001,1.0
close__symmetry_looking__r_0.75,1.0
close__symmetry_looking__r_0.8,1.0
close__symmetry_looking__r_0.8500000000000001,1.0
close__symmetry_looking__r_0.9,1.0
close__symmetry_looking__r_0.9500000000000001,1.0
close__large_standard_deviation__r_0.05,1.0
close__large_standard_deviation__r_0.1,1.0
close__large_standard_deviation__r_0.15000000000000002,1.0
close__large_standard_deviation__r_0.2,1.0
close__large_standard_deviation__r_0.25,0.0
close__large_standard_deviation__r_0.30000000000000004,0.0
close__large_standard_deviation__r_0.35000000000000003,0.0
close__large_standard_deviation__r_0.4,0.0
close__large_standard_deviation__r_0.45,0.0
close__large_standard_deviation__r_0.5,0.0
close__large_standard_deviation__r_0.55,0.0
close__large_standard_deviation__r_0.6000000000000001,0.0
close__large_standard_deviation__r_0.65,0.0
close__large_standard_deviation__r_0.7000000000000001,0.0
close__large_standard_deviation__r_0.75,0.0
close__large_standard_deviation__r_0.8,0.0
close__large_standard_deviation__r_0.8500000000000001,0.0
close__large_standard_deviation__r_0.9,0.0
close__large_standard_deviation__r_0.9500000000000001,0.0
close__quantile__q_0.1,48.112
close__quantile__q_0.2,50.364
close__quantile__q_0.3,52.094
close__quantile__q_0.4,55.186
close__quantile__q_0.6,58.048
close__quantile__q_0.7,59.35
close__quantile__q_0.8,62.776
close__quantile__q_0.9,67.83
close__autocorrelation__lag_0,1.0
close__autocorrelation__lag_1,0.9525535031145571
close__autocorrelation__lag_2,0.9047670824239626
close__autocorrelation__lag_3,0.8548827114212795
close__autocorrelation__lag_4,0.8003468096837569
close__autocorrelation__lag_5,0.7424625272216804
close__autocorrelation__lag_6,0.6793816433373101
close__autocorrelation__lag_7,0.6211395662810801
close__autocorrelation__lag_8,0.5598027542070165
close__autocorrelation__lag_9,0.510415364842369
"close__agg_autocorrelation__f_agg_""mean""__maxlag_40",0.09442674010532062
"close__agg_autocorrelation__f_agg_""median""__maxlag_40",-0.004714580680697097
"close__agg_autocorrelation__f_agg_""var""__maxlag_40",0.18086171101702528
close__partial_autocorrelation__lag_0,1.0
close__partial_autocorrelation__lag_1,0.9525535031145571
close__partial_autocorrelation__lag_2,-0.02796894284082199
close__partial_autocorrelation__lag_3,-0.047738857722967765
close__partial_autocorrelation__lag_4,-0.07713137067132819
close__partial_autocorrelation__lag_5,-0.06627184089470572
close__partial_autocorrelation__lag_6,-0.08841132821583407
close__partial_autocorrelation__lag_7,0.0182597733148502
close__partial_autocorrelation__lag_8,-0.06469548678596664
close__partial_autocorrelation__lag_9,0.09715019580385394
close__number_cwt_peaks__n_1,18.0
close__number_cwt_peaks__n_5,20.0
close__number_peaks__n_1,40.0
close__number_peaks__n_3,17.0
close__number_peaks__n_5,11.0
close__number_peaks__n_10,3.0
close__number_peaks__n_50,0.0
close__binned_entropy__max_bins_10,2.034721308337004
close__index_mass_quantile__q_0.1,0.11428571428571428
close__index_mass_quantile__q_0.2,0.21142857142857144
close__index_mass_quantile__q_0.3,0.3028571428571429
close__index_mass_quantile__q_0.4,0.4
close__index_mass_quantile__q_0.6,0.6057142857142858
close__index_mass_quantile__q_0.7,0.72
close__index_mass_quantile__q_0.8,0.8342857142857143
close__index_mass_quantile__q_0.9,0.9257142857142857
"close__cwt_coefficients__coeff_0__w_2__widths_(2, 5, 10, 20)",0.39488128710687187
"close__cwt_coefficients__coeff_0__w_5__widths_(2, 5, 10, 20)",-4.387080915015655
"close__cwt_coefficients__coeff_0__w_10__widths_(2, 5, 10, 20)",-23.446185204434517
"close__cwt_coefficients__coeff_0__w_20__widths_(2, 5, 10, 20)",-30.362867891207586
"close__cwt_coefficients__coeff_1__w_2__widths_(2, 5, 10, 20)",25.632892866999704
"close__cwt_coefficients__coeff_1__w_5__widths_(2, 5, 10, 20)",11.258639754207595
"close__cwt_coefficients__coeff_1__w_10__widths_(2, 5, 10, 20)",-11.960533272029943
"close__cwt_coefficients__coeff_1__w_20__widths_(2, 5, 10, 20)",-19.71257408371533
"close__cwt_coefficients__coeff_2__w_2__widths_(2, 5, 10, 20)",34.92205467046973
"close__cwt_coefficients__coeff_2__w_5__widths_(2, 5, 10, 20)",24.874460313874447
"close__cwt_coefficients__coeff_2__w_10__widths_(2, 5, 10, 20)",-0.9499774847092987
"close__cwt_coefficients__coeff_2__w_20__widths_(2, 5, 10, 20)",-8.870307025264925
"close__cwt_coefficients__coeff_3__w_2__widths_(2, 5, 10, 20)",26.857051036554033
"close__cwt_coefficients__coeff_3__w_5__widths_(2, 5, 10, 20)",35.16840774821365
"close__cwt_coefficients__coeff_3__w_10__widths_(2, 5, 10, 20)",10.188848917584313
"close__cwt_coefficients__coeff_3__w_20__widths_(2, 5, 10, 20)",1.394338027099687
"close__cwt_coefficients__coeff_4__w_2__widths_(2, 5, 10, 20)",12.198363290019719
"close__cwt_coefficients__coeff_4__w_5__widths_(2, 5, 10, 20)",40.88775115448884
"close__cwt_coefficients__coeff_4__w_10__widths_(2, 5, 10, 20)",20.364568009858225
"close__cwt_coefficients__coeff_4__w_20__widths_(2, 5, 10, 20)",12.184103020912369
"close__cwt_coefficients__coeff_5__w_2__widths_(2, 5, 10, 20)",1.1914665787892562
"close__cwt_coefficients__coeff_5__w_5__widths_(2, 5, 10, 20)",42.25434077040036
"close__cwt_coefficients__coeff_5__w_10__widths_(2, 5, 10, 20)",30.119654865980575
"close__cwt_coefficients__coeff_5__w_20__widths_(2, 5, 10, 20)",22.959272002433906
"close__cwt_coefficients__coeff_6__w_2__widths_(2, 5, 10, 20)",-2.857346938608126
"close__cwt_coefficients__coeff_6__w_5__widths_(2, 5, 10, 20)",39.82787231064689
"close__cwt_coefficients__coeff_6__w_10__widths_(2, 5, 10, 20)",38.920712552775306
"close__cwt_coefficients__coeff_6__w_20__widths_(2, 5, 10, 20)",33.588133129471686
"close__cwt_coefficients__coeff_7__w_2__widths_(2, 5, 10, 20)",-2.119617894164448
"close__cwt_coefficients__coeff_7__w_5__widths_(2, 5, 10, 20)",34.57721788228014
"close__cwt_coefficients__coeff_7__w_10__widths_(2, 5, 10, 20)",46.434088261180406
"close__cwt_coefficients__coeff_7__w_20__widths_(2, 5, 10, 20)",44.08594390403809
"close__cwt_coefficients__coeff_8__w_2__widths_(2, 5, 10, 20)",-0.4351389524582799
"close__cwt_coefficients__coeff_8__w_5__widths_(2, 5, 10, 20)",27.709969836251982
"close__cwt_coefficients__coeff_8__w_10__widths_(2, 5, 10, 20)",52.948898516320796
"close__cwt_coefficients__coeff_8__w_20__widths_(2, 5, 10, 20)",53.71578433405353
"close__cwt_coefficients__coeff_9__w_2__widths_(2, 5, 10, 20)",0.12749630585628793
"close__cwt_coefficients__coeff_9__w_5__widths_(2, 5, 10, 20)",20.19115104468747
"close__cwt_coefficients__coeff_9__w_10__widths_(2, 5, 10, 20)",58.22009134731865
"close__cwt_coefficients__coeff_9__w_20__widths_(2, 5, 10, 20)",63.48319229445309
"close__cwt_coefficients__coeff_10__w_2__widths_(2, 5, 10, 20)",0.32555611414443547
"close__cwt_coefficients__coeff_10__w_5__widths_(2, 5, 10, 20)",13.184761487332695
"close__cwt_coefficients__coeff_10__w_10__widths_(2, 5, 10, 20)",62.325563490907854
"close__cwt_coefficients__coeff_10__w_20__widths_(2, 5, 10, 20)",72.90406956507074
"close__cwt_coefficients__coeff_11__w_2__widths_(2, 5, 10, 20)",1.3750071247524707
"close__cwt_coefficients__coeff_11__w_5__widths_(2, 5, 10, 20)",7.240690252654913
"close__cwt_coefficients__coeff_11__w_10__widths_(2, 5, 10, 20)",65.38567293687957
"close__cwt_coefficients__coeff_11__w_20__widths_(2, 5, 10, 20)",81.7802046779516
"close__cwt_coefficients__coeff_12__w_2__widths_(2, 5, 10, 20)",2.4513368308351966
"close__cwt_coefficients__coeff_12__w_5__widths_(2, 5, 10, 20)",2.81662146538078
"close__cwt_coefficients__coeff_12__w_10__widths_(2, 5, 10, 20)",67.45929623805839
"close__cwt_coefficients__coeff_12__w_20__widths_(2, 5, 10, 20)",90.24584387603132
"close__cwt_coefficients__coeff_13__w_2__widths_(2, 5, 10, 20)",1.5674247283737641
"close__cwt_coefficients__coeff_13__w_5__widths_(2, 5, 10, 20)",0.25526203964966043
"close__cwt_coefficients__coeff_13__w_10__widths_(2, 5, 10, 20)",68.4985890719647
"close__cwt_coefficients__coeff_13__w_20__widths_(2, 5, 10, 20)",97.76220489362031
"close__cwt_coefficients__coeff_14__w_2__widths_(2, 5, 10, 20)",-1.8950281456447884
"close__cwt_coefficients__coeff_14__w_5__widths_(2, 5, 10, 20)",-0.33018420883564625
"close__cwt_coefficients__coeff_14__w_10__widths_(2, 5, 10, 20)",68.86974495850767
"close__cwt_coefficients__coeff_14__w_20__widths_(2, 5, 10, 20)",105.0046433046939
close__spkt_welch_density__coeff_2,564.9217732353225
close__spkt_welch_density__coeff_5,14.93282237832181
close__spkt_welch_density__coeff_8,43.3785401147608
close__ar_coefficient__coeff_0__k_10,2.4797319140437417
close__ar_coefficient__coeff_1__k_10,1.117639130282435
close__ar_coefficient__coeff_2__k_10,-0.1821731621893532
close__ar_coefficient__coeff_3__k_10,0.06775596545748566
close__ar_coefficient__coeff_4__k_10,-0.03778217997333142
close__ar_coefficient__coeff_5__k_10,0.055301051202685386
close__ar_coefficient__coeff_6__k_10,-0.15782506166372115
close__ar_coefficient__coeff_7__k_10,0.1303091747289555
close__ar_coefficient__coeff_8__k_10,-0.10048403871908256
close__ar_coefficient__coeff_9__k_10,0.22056761678342496
close__ar_coefficient__coeff_10__k_10,-0.15448512868843117
"close__change_quantiles__f_agg_""mean""__isabs_False__qh_0.2__ql_0.0",-0.058999999999999865
"close__change_quantiles__f_agg_""var""__isabs_False__qh_0.2__ql_0.0",1.5938356666666682
"close__change_quantiles__f_agg_""mean""__isabs_True__qh_0.2__ql_0.0",0.9930000000000002
"close__change_quantiles__f_agg_""var""__isabs_True__qh_0.2__ql_0.0",0.611267666666668
"close__change_quantiles__f_agg_""mean""__isabs_False__qh_0.4__ql_0.0",0.1357812500000002
"close__change_quantiles__f_agg_""var""__isabs_False__qh_0.4__ql_0.0",2.0167618896484383
"close__change_quantiles__f_agg_""mean""__isabs_True__qh_0.4__ql_0.0",0.9854687500000001
"close__change_quantiles__f_agg_""var""__isabs_True__qh_0.4__ql_0.0",1.064049780273438
"close__change_quantiles__f_agg_""mean""__isabs_False__qh_0.6__ql_0.0",0.11556701030927836
"close__change_quantiles__f_agg_""var""__isabs_False__qh_0.6__ql_0.0",2.1181133382931243
"close__change_quantiles__f_agg_""mean""__isabs_True__qh_0.6__ql_0.0",1.0386597938144333
"close__change_quantiles__f_agg_""var""__isabs_True__qh_0.6__ql_0.0",1.0526549048783083
"close__change_quantiles__f_agg_""mean""__isabs_False__qh_0.8__ql_0.0",0.0897810218978102
"close__change_quantiles__f_agg_""var""__isabs_False__qh_0.8__ql_0.0",2.498767105333263
"close__change_quantiles__f_agg_""mean""__isabs_True__qh_0.8__ql_0.0",1.1528467153284672
"close__change_quantiles__f_agg_""var""__isabs_True__qh_0.8__ql_0.0",1.1777721881826417
"close__change_quantiles__f_agg_""mean""__isabs_False__qh_1.0__ql_0.0",0.1585057471264368
"close__change_quantiles__f_agg_""var""__isabs_False__qh_1.0__ql_0.0",3.7079759281278912
"close__change_quantiles__f_agg_""mean""__isabs_True__qh_1.0__ql_0.0",1.3971264367816094
"close__change_quantiles__f_agg_""var""__isabs_True__qh_1.0__ql_0.0",1.7811377196459248
"close__change_quantiles__f_agg_""mean""__isabs_False__qh_0.4__ql_0.2",-0.013599999999999852
"close__change_quantiles__f_agg_""var""__isabs_False__qh_0.4__ql_0.2",0.6420230400000001
"close__change_quantiles__f_agg_""mean""__isabs_True__qh_0.4__ql_0.2",0.5728
"close__change_quantiles__f_agg_""var""__isabs_True__qh_0.4__ql_0.2",0.31410816000000014
"close__change_quantiles__f_agg_""mean""__isabs_False__qh_0.6__ql_0.2",0.037586206896551594
"close__change_quantiles__f_agg_""var""__isabs_False__qh_0.6__ql_0.2",1.5943631391200956
"close__change_quantiles__f_agg_""mean""__isabs_True__qh_0.6__ql_0.2",0.8965517241379313
"close__change_quantiles__f_agg_""var""__isabs_True__qh_0.6__ql_0.2",0.7919708680142686
"close__change_quantiles__f_agg_""mean""__isabs_False__qh_0.8__ql_0.2",0.0333673469387754
"close__change_quantiles__f_agg_""var""__isabs_False__qh_0.8__ql_0.2",2.338048865056226
"close__change_quantiles__f_agg_""mean""__isabs_True__qh_0.8__ql_0.2",1.1141836734693877
"close__change_quantiles__f_agg_""var""__isabs_True__qh_0.8__ql_0.2",1.0977569866722192
"close__change_quantiles__f_agg_""mean""__isabs_False__qh_1.0__ql_0.2",0.1374074074074074
"close__change_quantiles__f_agg_""var""__isabs_False__qh_1.0__ql_0.2",3.94676290809328
"close__change_quantiles__f_agg_""mean""__isabs_True__qh_1.0__ql_0.2",1.4396296296296298
"close__change_quantiles__f_agg_""var""__isabs_True__qh_1.0__ql_0.2",1.8931102331961596
"close__change_quantiles__f_agg_""mean""__isabs_False__qh_0.6__ql_0.4",0.025652173913043936
"close__change_quantiles__f_agg_""var""__isabs_False__qh_0.6__ql_0.4",0.6987637051039701
"close__change_quantiles__f_agg_""mean""__isabs_True__qh_0.6__ql_0.4",0.6595652173913047
"close__change_quantiles__f_agg_""var""__isabs_True__qh_0.6__ql_0.4",0.2643954631379961
"close__change_quantiles__f_agg_""mean""__isabs_False__qh_0.8__ql_0.4",-0.0227419354838708
"close__change_quantiles__f_agg_""var""__isabs_False__qh_0.8__ql_0.4",2.309506997918834
"close__change_quantiles__f_agg_""mean""__isabs_True__qh_0.8__ql_0.4",1.117258064516129
"close__change_quantiles__f_agg_""var""__isabs_True__qh_0.8__ql_0.4",1.0617586108220596
"close__change_quantiles__f_agg_""mean""__isabs_False__qh_1.0__ql_0.4",0.14010101010101028
"close__change_quantiles__f_agg_""var""__isabs_False__qh_1.0__ql_0.4",4.519215141312112
"close__change_quantiles__f_agg_""mean""__isabs_True__qh_1.0__ql_0.4",1.55989898989899
"close__change_quantiles__f_agg_""var""__isabs_True__qh_1.0__ql_0.4",2.1055585756555457
"close__change_quantiles__f_agg_""mean""__isabs_False__qh_0.8__ql_0.6",-0.10360000000000014
"close__change_quantiles__f_agg_""var""__isabs_False__qh_0.8__ql_0.6",1.2129990399999984
"close__change_quantiles__f_agg_""mean""__isabs_True__qh_0.8__ql_0.6",0.9251999999999992
"close__change_quantiles__f_agg_""var""__isabs_True__qh_0.8__ql_0.6",0.36773695999999967
"close__change_quantiles__f_agg_""mean""__isabs_False__qh_1.0__ql_0.6",0.2046774193548388
"close__change_quantiles__f_agg_""var""__isabs_False__qh_1.0__ql_0.6",5.389031347554632
"close__change_quantiles__f_agg_""mean""__isabs_True__qh_1.0__ql_0.6",1.7466129032258064
"close__change_quantiles__f_agg_""var""__isabs_True__qh_1.0__ql_0.6",2.380267559833509
"close__change_quantiles__f_agg_""mean""__isabs_False__qh_1.0__ql_0.8",0.16749999999999998
"close__change_quantiles__f_agg_""var""__isabs_False__qh_1.0__ql_0.8",6.638562499999999
"close__change_quantiles__f_agg_""mean""__isabs_True__qh_1.0__ql_0.8",2.065
"close__change_quantiles__f_agg_""var""__isabs_True__qh_1.0__ql_0.8",2.4023937500000008
"close__fft_coefficient__attr_""real""__coeff_0",9978.2
"close__fft_coefficient__attr_""real""__coeff_1",254.61414030914221
"close__fft_coefficient__attr_""real""__coeff_2",202.2305139748486
"close__fft_coefficient__attr_""real""__coeff_3",-148.56625668678345
"close__fft_coefficient__attr_""real""__coeff_4",-132.73598139057478
"close__fft_coefficient__attr_""real""__coeff_5",-96.2035676939875
"close__fft_coefficient__attr_""real""__coeff_6",-122.9456466734575
"close__fft_coefficient__attr_""real""__coeff_7",-37.213205808636864
"close__fft_coefficient__attr_""real""__coeff_8",86.14957406824726
"close__fft_coefficient__attr_""real""__coeff_9",60.928642893528945
"close__fft_coefficient__attr_""real""__coeff_10",-57.56073975978778
"close__fft_coefficient__attr_""real""__coeff_11",-58.259043732540164
"close__fft_coefficient__attr_""real""__coeff_12",-119.78717514038183
"close__fft_coefficient__attr_""real""__coeff_13",-55.464281847557295
"close__fft_coefficient__attr_""real""__coeff_14",-15.708292886935547
"close__fft_coefficient__attr_""real""__coeff_15",7.64011330178749
"close__fft_coefficient__attr_""real""__coeff_16",-10.792309844022395
"close__fft_coefficient__attr_""real""__coeff_17",4.279682010970417
"close__fft_coefficient__attr_""real""__coeff_18",52.31528120184329
"close__fft_coefficient__attr_""real""__coeff_19",24.51033278587444
"close__fft_coefficient__attr_""real""__coeff_20",22.859589030070623
"close__fft_coefficient__attr_""real""__coeff_21",-25.267273096204292
"close__fft_coefficient__attr_""real""__coeff_22",-15.72796724913323
"close__fft_coefficient__attr_""real""__coeff_23",-13.76206679243187
"close__fft_coefficient__attr_""real""__coeff_24",4.716253264031822
"close__fft_coefficient__attr_""real""__coeff_25",-18.910474710480646
"close__fft_coefficient__attr_""real""__coeff_26",5.178995301991124
"close__fft_coefficient__attr_""real""__coeff_27",3.3652560330207404
"close__fft_coefficient__attr_""real""__coeff_28",-4.317678363971144
"close__fft_coefficient__attr_""real""__coeff_29",-29.876916905249804
"close__fft_coefficient__attr_""real""__coeff_30",-28.57389330423196
"close__fft_coefficient__attr_""real""__coeff_31",-19.83131776492404
"close__fft_coefficient__attr_""real""__coeff_32",-16.69911655478476
"close__fft_coefficient__attr_""real""__coeff_33",-11.208995840327937
"close__fft_coefficient__attr_""real""__coeff_34",-32.38655225271529
"close__fft_coefficient__attr_""real""__coeff_35",0.0011470181675576896
"close__fft_coefficient__attr_""real""__coeff_36",6.432213677285265
"close__fft_coefficient__attr_""real""__coeff_37",-18.026986235591956
"close__fft_coefficient__attr_""real""__coeff_38",-35.82388322704745
"close__fft_coefficient__attr_""real""__coeff_39",-23.64843107112034
"close__fft_coefficient__attr_""real""__coeff_40",-32.6589920104555
"close__fft_coefficient__attr_""real""__coeff_41",4.4300298336639266
"close__fft_coefficient__attr_""real""__coeff_42",18.566470554037746
"close__fft_coefficient__attr_""real""__coeff_43",14.399465636788216
"close__fft_coefficient__attr_""real""__coeff_44",-15.957531019342538
"close__fft_coefficient__attr_""real""__coeff_45",-4.830577284164799
"close__fft_coefficient__attr_""real""__coeff_46",-13.399294069043195
"close__fft_coefficient__attr_""real""__coeff_47",2.630944890959203
"close__fft_coefficient__attr_""real""__coeff_48",-13.470010531123293
"close__fft_coefficient__attr_""real""__coeff_49",-6.880524642402776
"close__fft_coefficient__attr_""real""__coeff_50",-15.70591478065875
"close__fft_coefficient__attr_""real""__coeff_51",-18.157639858502144
"close__fft_coefficient__attr_""real""__coeff_52",-17.031585986793804
"close__fft_coefficient__attr_""real""__coeff_53",-3.619742580902985
"close__fft_coefficient__attr_""real""__coeff_54",-4.5405996974740725
"close__fft_coefficient__attr_""real""__coeff_55",-28.934018089640873
"close__fft_coefficient__attr_""real""__coeff_56",-38.53925442762839
"close__fft_coefficient__attr_""real""__coeff_57",-14.816365748245413
"close__fft_coefficient__attr_""real""__coeff_58",-17.471058801129026
"close__fft_coefficient__attr_""real""__coeff_59",-6.836579832796819
"close__fft_coefficient__attr_""real""__coeff_60",-19.984195088421107
"close__fft_coefficient__attr_""real""__coeff_61",-24.10370520120232
"close__fft_coefficient__attr_""real""__coeff_62",-5.572166283534862
"close__fft_coefficient__attr_""real""__coeff_63",-1.4823099530600015
"close__fft_coefficient__attr_""real""__coeff_64",0.9229121822857955
"close__fft_coefficient__attr_""real""__coeff_65",-23.710854688350423
"close__fft_coefficient__attr_""real""__coeff_66",-11.5304750629012
"close__fft_coefficient__attr_""real""__coeff_67",-9.4769621699179
"close__fft_coefficient__attr_""real""__coeff_68",-22.327760274165705
"close__fft_coefficient__attr_""real""__coeff_69",-22.528046298951264
"close__fft_coefficient__attr_""real""__coeff_70",-14.27614701816833
"close__fft_coefficient__attr_""real""__coeff_71",-0.37573711043824076
"close__fft_coefficient__attr_""real""__coeff_72",-10.980802885123865
"close__fft_coefficient__attr_""real""__coeff_73",-23.4599654883008
"close__fft_coefficient__attr_""real""__coeff_74",-23.222028991289793
"close__fft_coefficient__attr_""real""__coeff_75",-21.51361050886056
"close__fft_coefficient__attr_""real""__coeff_76",-21.044439617326834
"close__fft_coefficient__attr_""real""__coeff_77",-22.700501351466208
"close__fft_coefficient__attr_""real""__coeff_78",-25.933044282601386
"close__fft_coefficient__attr_""real""__coeff_79",-22.59512137073536
"close__fft_coefficient__attr_""real""__coeff_80",-16.467373711357457
"close__fft_coefficient__attr_""real""__coeff_81",-7.507496870262123
"close__fft_coefficient__attr_""real""__coeff_82",-20.198456551230016
"close__fft_coefficient__attr_""real""__coeff_83",-14.996761773730025
"close__fft_coefficient__attr_""real""__coeff_84",-15.032430023732392
"close__fft_coefficient__attr_""real""__coeff_85",-16.595490701460506
"close__fft_coefficient__attr_""real""__coeff_86",-6.798041806870885
"close__fft_coefficient__attr_""real""__coeff_87",-16.95988869189992
"close__fft_coefficient__attr_""real""__coeff_88",0.0
"close__fft_coefficient__attr_""real""__coeff_89",0.0
"close__fft_coefficient__attr_""real""__coeff_90",0.0
"close__fft_coefficient__attr_""real""__coeff_91",0.0
"close__fft_coefficient__attr_""real""__coeff_92",0.0
"close__fft_coefficient__attr_""real""__coeff_93",0.0
"close__fft_coefficient__attr_""real""__coeff_94",0.0
"close__fft_coefficient__attr_""real""__coeff_95",0.0
"close__fft_coefficient__attr_""real""__coeff_96",0.0
"close__fft_coefficient__attr_""real""__coeff_97",0.0
"close__fft_coefficient__attr_""real""__coeff_98",0.0
"close__fft_coefficient__attr_""real""__coeff_99",0.0
"close__fft_coefficient__attr_""imag""__coeff_0",0.0
"close__fft_coefficient__attr_""imag""__coeff_1",-267.2543103912243
"close__fft_coefficient__attr_""imag""__coeff_2",286.56042901720383
"close__fft_coefficient__attr_""imag""__coeff_3",384.81669112418297
"close__fft_coefficient__attr_""imag""__coeff_4",356.82164631810247
"close__fft_coefficient__attr_""imag""__coeff_5",218.960750040564
"close__fft_coefficient__attr_""imag""__coeff_6",143.03587175907126
"close__fft_coefficient__attr_""imag""__coeff_7",212.0521495994218
"close__fft_coefficient__attr_""imag""__coeff_8",154.84023376567023
"close__fft_coefficient__attr_""imag""__coeff_9",71.2348647591457
"close__fft_coefficient__attr_""imag""__coeff_10",44.0727437023998
"close__fft_coefficient__attr_""imag""__coeff_11",0.7201557474660956
"close__fft_coefficient__attr_""imag""__coeff_12",93.26561380867906
"close__fft_coefficient__attr_""imag""__coeff_13",75.62274042014877
"close__fft_coefficient__attr_""imag""__coeff_14",62.57886546170484
"close__fft_coefficient__attr_""imag""__coeff_15",37.832457936829826
"close__fft_coefficient__attr_""imag""__coeff_16",53.22231736808291
"close__fft_coefficient__attr_""imag""__coeff_17",-21.120374067473396
"close__fft_coefficient__attr_""imag""__coeff_18",-21.98960167197465
"close__fft_coefficient__attr_""imag""__coeff_19",6.863599620931131
"close__fft_coefficient__attr_""imag""__coeff_20",19.671732949773943
"close__fft_coefficient__attr_""imag""__coeff_21",19.662050249939576
"close__fft_coefficient__attr_""imag""__coeff_22",51.8864772356435
"close__fft_coefficient__attr_""imag""__coeff_23",24.439661590538368
"close__fft_coefficient__attr_""imag""__coeff_24",28.827181239452443
"close__fft_coefficient__attr_""imag""__coeff_25",52.34087346118232
"close__fft_coefficient__attr_""imag""__coeff_26",62.89200865055014
"close__fft_coefficient__attr_""imag""__coeff_27",24.534392244150744
"close__fft_coefficient__attr_""imag""__coeff_28",20.761181463005506
"close__fft_coefficient__attr_""imag""__coeff_29",-4.703508862935061
"close__fft_coefficient__attr_""imag""__coeff_30",-18.31639515423406
"close__fft_coefficient__attr_""imag""__coeff_31",-13.1730171403205
"close__fft_coefficient__attr_""imag""__coeff_32",9.698725814522387
"close__fft_coefficient__attr_""imag""__coeff_33",31.480023770828055
"close__fft_coefficient__attr_""imag""__coeff_34",35.30433979751902
"close__fft_coefficient__attr_""imag""__coeff_35",19.242960440560744
"close__fft_coefficient__attr_""imag""__coeff_36",1.0496200298561291
"close__fft_coefficient__attr_""imag""__coeff_37",7.703382614603967
"close__fft_coefficient__attr_""imag""__coeff_38",19.11528163198164
"close__fft_coefficient__attr_""imag""__coeff_39",9.901986450357324
"close__fft_coefficient__attr_""imag""__coeff_40",12.722994920794024
"close__fft_coefficient__attr_""imag""__coeff_41",34.934150614245645
"close__fft_coefficient__attr_""imag""__coeff_42",27.384229214666824
"close__fft_coefficient__attr_""imag""__coeff_43",9.79348372365812
"close__fft_coefficient__attr_""imag""__coeff_44",30.84416101669052
"close__fft_coefficient__attr_""imag""__coeff_45",9.148059951153435
"close__fft_coefficient__attr_""imag""__coeff_46",30.143362963957053
"close__fft_coefficient__attr_""imag""__coeff_47",21.842730827644065
"close__fft_coefficient__attr_""imag""__coeff_48",17.061203905576633
"close__fft_coefficient__attr_""imag""__coeff_49",-3.934573799680223
"close__fft_coefficient__attr_""imag""__coeff_50",8.834967133268425
"close__fft_coefficient__attr_""imag""__coeff_51",16.201167331258468
"close__fft_coefficient__attr_""imag""__coeff_52",16.846360910516143
"close__fft_coefficient__attr_""imag""__coeff_53",7.470675710690012
"close__fft_coefficient__attr_""imag""__coeff_54",8.439764389284797
"close__fft_coefficient__attr_""imag""__coeff_55",-1.2749681611702828
"close__fft_coefficient__attr_""imag""__coeff_56",25.398857981976178
"close__fft_coefficient__attr_""imag""__coeff_57",20.335763795164297
"close__fft_coefficient__attr_""imag""__coeff_58",21.971389084360702
"close__fft_coefficient__attr_""imag""__coeff_59",8.672308539907181
"close__fft_coefficient__attr_""imag""__coeff_60",1.6112921556568836
"close__fft_coefficient__attr_""imag""__coeff_61",13.830004551399437
"close__fft_coefficient__attr_""imag""__coeff_62",-2.088457816155983
"close__fft_coefficient__attr_""imag""__coeff_63",15.731604796546877
"close__fft_coefficient__attr_""imag""__coeff_64",9.530689707277912
"close__fft_coefficient__attr_""imag""__coeff_65",10.390760901980443
"close__fft_coefficient__attr_""imag""__coeff_66",14.592367252168785
"close__fft_coefficient__attr_""imag""__coeff_67",9.493908805439762
"close__fft_coefficient__attr_""imag""__coeff_68",4.492033468454012
"close__fft_coefficient__attr_""imag""__coeff_69",0.3640045834297707
"close__fft_coefficient__attr_""imag""__coeff_70",-6.126630271447461
"close__fft_coefficient__attr_""imag""__coeff_71",0.9005890563564263
"close__fft_coefficient__attr_""imag""__coeff_72",1.7322484219498913
"close__fft_coefficient__attr_""imag""__coeff_73",15.822159425944239
"close__fft_coefficient__attr_""imag""__coeff_74",19.445810465830647
"close__fft_coefficient__attr_""imag""__coeff_75",19.134852261634222
"close__fft_coefficient__attr_""imag""__coeff_76",13.205559231924322
"close__fft_coefficient__attr_""imag""__coeff_77",6.282394388779609
"close__fft_coefficient__attr_""imag""__coeff_78",-0.39587262152836455
"close__fft_coefficient__attr_""imag""__coeff_79",-14.307946264706256
"close__fft_coefficient__attr_""imag""__coeff_80",-8.940647676399262
"close__fft_coefficient__attr_""imag""__coeff_81",-1.870577827844758
"close__fft_coefficient__attr_""imag""__coeff_82",7.731317617749921
"close__fft_coefficient__attr_""imag""__coeff_83",1.6515517586277202
"close__fft_coefficient__attr_""imag""__coeff_84",-1.1183518378752222
"close__fft_coefficient__attr_""imag""__coeff_85",-7.129913894147713
"close__fft_coefficient__attr_""imag""__coeff_86",-3.613818254694374
"close__fft_coefficient__attr_""imag""__coeff_87",-11.273399981839708
"close__fft_coefficient__attr_""imag""__coeff_88",0.0
"close__fft_coefficient__attr_""imag""__coeff_89",0.0
"close__fft_coefficient__attr_""imag""__coeff_90",0.0
"close__fft_coefficient__attr_""imag""__coeff_91",0.0
"close__fft_coefficient__attr_""imag""__coeff_92",0.0
"close__fft_coefficient__attr_""imag""__coeff_93",0.0
"close__fft_coefficient__attr_""imag""__coeff_94",0.0
"close__fft_coefficient__attr_""imag""__coeff_95",0.0
"close__fft_coefficient__attr_""imag""__coeff_96",0.0
"close__fft_coefficient__attr_""imag""__coeff_97",0.0
"close__fft_coefficient__attr_""imag""__coeff_98",0.0
"close__fft_coefficient__attr_""imag""__coeff_99",0.0
"close__fft_coefficient__attr_""abs""__coeff_0",9978.2
"close__fft_coefficient__attr_""abs""__coeff_1",369.1249475015911
"close__fft_coefficient__attr_""abs""__coeff_2",350.7336029824564
"close__fft_coefficient__attr_""abs""__coeff_3",412.49947684050227
"close__fft_coefficient__attr_""abs""__coeff_4",380.7105567709937
"close__fft_coefficient__attr_""abs""__coeff_5",239.16299148358632
"close__fft_coefficient__attr_""abs""__coeff_6",188.6130765504665
"close__fft_coefficient__attr_""abs""__coeff_7",215.2926771543601
"close__fft_coefficient__attr_""abs""__coeff_8",177.1926835530966
"close__fft_coefficient__attr_""abs""__coeff_9",93.73742839496373
"close__fft_coefficient__attr_""abs""__coeff_10",72.4958309087594
"close__fft_coefficient__attr_""abs""__coeff_11",58.263494582205034
"close__fft_coefficient__attr_""abs""__coeff_12",151.81384010432706
"close__fft_coefficient__attr_""abs""__coeff_13",93.78211678949498
"close__fft_coefficient__attr_""abs""__coeff_14",64.52026710961374
"close__fft_coefficient__attr_""abs""__coeff_15",38.596194175153435
"close__fft_coefficient__attr_""abs""__coeff_16",54.30551553754298
"close__fft_coefficient__attr_""abs""__coeff_17",21.549614355366696
"close__fft_coefficient__attr_""abs""__coeff_18",56.748843414822545
"close__fft_coefficient__attr_""abs""__coeff_19",25.453200447699253
"close__fft_coefficient__attr_""abs""__coeff_20",30.158545851399186
"close__fft_coefficient__attr_""abs""__coeff_21",32.0161101595637
"close__fft_coefficient__attr_""abs""__coeff_22",54.217851983592624
"close__fft_coefficient__attr_""abs""__coeff_23",28.048022052533266
"close__fft_coefficient__attr_""abs""__coeff_24",29.210433462424515
"close__fft_coefficient__attr_""abs""__coeff_25",55.6522514230577
"close__fft_coefficient__attr_""abs""__coeff_26",63.104886850694214
"close__fft_coefficient__attr_""abs""__coeff_27",24.76411417672005
"close__fft_coefficient__attr_""abs""__coeff_28",21.205400307340298
"close__fft_coefficient__attr_""abs""__coeff_29",30.244886499818612
"close__fft_coefficient__attr_""abs""__coeff_30",33.94050250081281
"close__fft_coefficient__attr_""abs""__coeff_31",23.8077622819233
"close__fft_coefficient__attr_""abs""__coeff_32",19.311286237212922
"close__fft_coefficient__attr_""abs""__coeff_33",33.41606626101265
"close__fft_coefficient__attr_""abs""__coeff_34",47.90913457114983
"close__fft_coefficient__attr_""abs""__coeff_35",19.24296047474599
"close__fft_coefficient__attr_""abs""__coeff_36",6.517290464397825
"close__fft_coefficient__attr_""abs""__coeff_37",19.60393675885546
"close__fft_coefficient__attr_""abs""__coeff_38",40.60473619339382
"close__fft_coefficient__attr_""abs""__coeff_39",25.637816361550566
"close__fft_coefficient__attr_""abs""__coeff_40",35.049741210079524
"close__fft_coefficient__attr_""abs""__coeff_41",35.21391832026013
"close__fft_coefficient__attr_""abs""__coeff_42",33.084888370906775
"close__fft_coefficient__attr_""abs""__coeff_43",17.414273859986274
"close__fft_coefficient__attr_""abs""__coeff_44",34.72758363400498
"close__fft_coefficient__attr_""abs""__coeff_45",10.345118547807287
"close__fft_coefficient__attr_""abs""__coeff_46",32.98732199384414
"close__fft_coefficient__attr_""abs""__coeff_47",22.00060819677894
"close__fft_coefficient__attr_""abs""__coeff_48",21.737660003234843
"close__fft_coefficient__attr_""abs""__coeff_49",7.926063987872033
"close__fft_coefficient__attr_""abs""__coeff_50",18.02033305306115
"close__fft_coefficient__attr_""abs""__coeff_51",24.334701726680407
"close__fft_coefficient__attr_""abs""__coeff_52",23.955684025986763
"close__fft_coefficient__attr_""abs""__coeff_53",8.301417464884892
"close__fft_coefficient__attr_""abs""__coeff_54",9.58366675961458
"close__fft_coefficient__attr_""abs""__coeff_55",28.962094997145204
"close__fft_coefficient__attr_""abs""__coeff_56",46.15599764522558
"close__fft_coefficient__attr_""abs""__coeff_57",25.160842257732448
"close__fft_coefficient__attr_""abs""__coeff_58",28.070978499668882
"close__fft_coefficient__attr_""abs""__coeff_59",11.042995935050923
"close__fft_coefficient__attr_""abs""__coeff_60",20.04904775152565
"close__fft_coefficient__attr_""abs""__coeff_61",27.789523751194384
"close__fft_coefficient__attr_""abs""__coeff_62",5.950688459432718
"close__fft_coefficient__attr_""abs""__coeff_63",15.801285779064862
"close__fft_coefficient__attr_""abs""__coeff_64",9.57527092006407
"close__fft_coefficient__attr_""abs""__coeff_65",25.88769093940583
"close__fft_coefficient__attr_""abs""__coeff_66",18.59809229997406
"close__fft_coefficient__attr_""abs""__coeff_67",13.414436863918727
"close__fft_coefficient__attr_""abs""__coeff_68",22.775145302331733
"close__fft_coefficient__attr_""abs""__coeff_69",22.530986871072685
"close__fft_coefficient__attr_""abs""__coeff_70",15.535249343585475
"close__fft_coefficient__attr_""abs""__coeff_71",0.9758273538846085
"close__fft_coefficient__attr_""abs""__coeff_72",11.11659644843207
"close__fft_coefficient__attr_""abs""__coeff_73",28.296832148003084
"close__fft_coefficient__attr_""abs""__coeff_74",30.288647628200774
"close__fft_coefficient__attr_""abs""__coeff_75",28.791978191877053
"close__fft_coefficient__attr_""abs""__coeff_76",24.844621821134183
"close__fft_coefficient__attr_""abs""__coeff_77",23.553794617090656
"close__fft_coefficient__attr_""abs""__coeff_78",25.93606564025932
"close__fft_coefficient__attr_""abs""__coeff_79",26.744286045284205
"close__fft_coefficient__attr_""abs""__coeff_80",18.737918182738717
"close__fft_coefficient__attr_""abs""__coeff_81",7.737025957499432
"close__fft_coefficient__attr_""abs""__coeff_82",21.627550003605517
"close__fft_coefficient__attr_""abs""__coeff_83",15.087428107846494
"close__fft_coefficient__attr_""abs""__coeff_84",15.07397304136139
"close__fft_coefficient__attr_""abs""__coeff_85",18.062280690993116
"close__fft_coefficient__attr_""abs""__coeff_86",7.698899582792769
"close__fft_coefficient__attr_""abs""__coeff_87",20.36485628704947
"close__fft_coefficient__attr_""abs""__coeff_88",0.0
"close__fft_coefficient__attr_""abs""__coeff_89",0.0
"close__fft_coefficient__attr_""abs""__coeff_90",0.0
"close__fft_coefficient__attr_""abs""__coeff_91",0.0
"close__fft_coefficient__attr_""abs""__coeff_92",0.0
"close__fft_coefficient__attr_""abs""__coeff_93",0.0
"close__fft_coefficient__attr_""abs""__coeff_94",0.0
"close__fft_coefficient__attr_""abs""__coeff_95",0.0
"close__fft_coefficient__attr_""abs""__coeff_96",0.0
"close__fft_coefficient__attr_""abs""__coeff_97",0.0
"close__fft_coefficient__attr_""abs""__coeff_98",0.0
"close__fft_coefficient__attr_""abs""__coeff_99",0.0
"close__fft_coefficient__attr_""angle""__coeff_0",0.0
"close__fft_coefficient__attr_""angle""__coeff_1",-46.3874891699264
"close__fft_coefficient__attr_""angle""__coeff_2",54.788737816660316
"close__fft_coefficient__attr_""angle""__coeff_3",111.11008876700384
"close__fft_coefficient__attr_""angle""__coeff_4",110.40496533536704
"close__fft_coefficient__attr_""angle""__coeff_5",113.71897896104052
"close__fft_coefficient__attr_""angle""__coeff_6",130.68051366610717
"close__fft_coefficient__attr_""angle""__coeff_7",99.95352955362083
"close__fft_coefficient__attr_""angle""__coeff_8",60.90943516344141
"close__fft_coefficient__attr_""angle""__coeff_9",49.458949542429345
"close__fft_coefficient__attr_""angle""__coeff_10",142.55966989087767
"close__fft_coefficient__attr_""angle""__coeff_11",179.2917874916543
"close__fft_coefficient__attr_""angle""__coeff_12",142.0958776960074
"close__fft_coefficient__attr_""angle""__coeff_13",126.25758475592055
"close__fft_coefficient__attr_""angle""__coeff_14",104.09101549762951
"close__fft_coefficient__attr_""angle""__coeff_15",78.5828989006572
"close__fft_coefficient__attr_""angle""__coeff_16",101.46289082921224
"close__fft_coefficient__attr_""angle""__coeff_17",-78.54509091897786
"close__fft_coefficient__attr_""angle""__coeff_18",-22.798401363845027
"close__fft_coefficient__attr_""angle""__coeff_19",15.643777777798329
"close__fft_coefficient__attr_""angle""__coeff_20",40.71351661033788
"close__fft_coefficient__attr_""angle""__coeff_21",142.11127618874892
"close__fft_coefficient__attr_""angle""__coeff_22",106.863245510664
"close__fft_coefficient__attr_""angle""__coeff_23",119.38402764380412
"close__fft_coefficient__attr_""angle""__coeff_24",80.70847585664956
"close__fft_coefficient__attr_""angle""__coeff_25",109.8645139615366
"close__fft_coefficient__attr_""angle""__coeff_26",85.29246137583183
"close__fft_coefficient__attr_""angle""__coeff_27",82.18977116419573
"close__fft_coefficient__attr_""angle""__coeff_28",101.74827104035462
"close__fft_coefficient__attr_""angle""__coeff_29",-171.05338151663582
"close__fft_coefficient__attr_""angle""__coeff_30",-147.33937594849303
"close__fft_coefficient__attr_""angle""__coeff_31",-146.40577074245607
"close__fft_coefficient__attr_""angle""__coeff_32",149.8522908230844
"close__fft_coefficient__attr_""angle""__coeff_33",109.59913356927362
"close__fft_coefficient__attr_""angle""__coeff_34",132.53181730160256
"close__fft_coefficient__attr_""angle""__coeff_35",89.99658476146895
"close__fft_coefficient__attr_""angle""__coeff_36",9.26793986353644
"close__fft_coefficient__attr_""angle""__coeff_37",156.8617682090431
"close__fft_coefficient__attr_""angle""__coeff_38",151.91604539529305
"close__fft_coefficient__attr_""angle""__coeff_39",157.28013870624463
"close__fft_coefficient__attr_""angle""__coeff_40",158.7155562501887
"close__fft_coefficient__attr_""angle""__coeff_41",82.7728478690635
"close__fft_coefficient__attr_""angle""__coeff_42",55.86278214410097
"close__fft_coefficient__attr_""angle""__coeff_43",34.22072755264624
"close__fft_coefficient__attr_""angle""__coeff_44",117.3552314159677
"close__fft_coefficient__attr_""angle""__coeff_45",117.8360209872082
"close__fft_coefficient__attr_""angle""__coeff_46",113.96605043827427
"close__fft_coefficient__attr_""angle""__coeff_47",83.13184197076407
"close__fft_coefficient__attr_""angle""__coeff_48",128.29148519893064
"close__fft_coefficient__attr_""angle""__coeff_49",-150.23725980209682
"close__fft_coefficient__attr_""angle""__coeff_50",150.64116550510056
"close__fft_coefficient__attr_""angle""__coeff_51",138.25903913521785
"close__fft_coefficient__attr_""angle""__coeff_52",135.31325715865037
"close__fft_coefficient__attr_""angle""__coeff_53",115.85143172368892
"close__fft_coefficient__attr_""angle""__coeff_54",118.28028548210126
"close__fft_coefficient__attr_""angle""__coeff_55",-177.47691216109956
"close__fft_coefficient__attr_""angle""__coeff_56",146.61357415013387
"close__fft_coefficient__attr_""angle""__coeff_57",126.07658076592188
"close__fft_coefficient__attr_""angle""__coeff_58",128.49077795507765
"close__fft_coefficient__attr_""angle""__coeff_59",128.24952343471313
"close__fft_coefficient__attr_""angle""__coeff_60",175.39030915705845
"close__fft_coefficient__attr_""angle""__coeff_61",150.1540505895075
"close__fft_coefficient__attr_""angle""__coeff_62",-159.45391262840755
"close__fft_coefficient__attr_""angle""__coeff_63",95.38280039347092
"close__fft_coefficient__attr_""angle""__coeff_64",84.46896152008928
"close__fft_coefficient__attr_""angle""__coeff_65",156.33562050702434
"close__fft_coefficient__attr_""angle""__coeff_66",128.3147909848522
"close__fft_coefficient__attr_""angle""__coeff_67",134.94881782521537
"close__fft_coefficient__attr_""angle""__coeff_68",168.62474152618586
"close__fft_coefficient__attr_""angle""__coeff_69",179.07430447501758
"close__fft_coefficient__attr_""angle""__coeff_70",-156.7733357601258
"close__fft_coefficient__attr_""angle""__coeff_71",112.64651275783552
"close__fft_coefficient__attr_""angle""__coeff_72",171.03532838558925
"close__fft_coefficient__attr_""angle""__coeff_73",146.00299990887703
"close__fft_coefficient__attr_""angle""__coeff_74",140.0576529541648
"close__fft_coefficient__attr_""angle""__coeff_75",138.3491437066959
"close__fft_coefficient__attr_""angle""__coeff_76",147.8913901891228
"close__fft_coefficient__attr_""angle""__coeff_77",164.53050068639115
"close__fft_coefficient__attr_""angle""__coeff_78",-179.1254374680977
"close__fft_coefficient__attr_""angle""__coeff_79",-147.65671433693242
"close__fft_coefficient__attr_""angle""__coeff_80",-151.5010929865658
"close__fft_coefficient__attr_""angle""__coeff_81",-166.00899165298398
"close__fft_coefficient__attr_""angle""__coeff_82",159.054766088078
"close__fft_coefficient__attr_""angle""__coeff_83",173.71549930051196
"close__fft_coefficient__attr_""angle""__coeff_84",-175.74526442616872
"close__fft_coefficient__attr_""angle""__coeff_85",-156.75020867185097
"close__fft_coefficient__attr_""angle""__coeff_86",-152.00502475391409
"close__fft_coefficient__attr_""angle""__coeff_87",-146.38763420417678
"close__fft_coefficient__attr_""angle""__coeff_88",0.0
"close__fft_coefficient__attr_""angle""__coeff_89",0.0
"close__fft_coefficient__attr_""angle""__coeff_90",0.0
"close__fft_coefficient__attr_""angle""__coeff_91",0.0
"close__fft_coefficient__attr_""angle""__coeff_92",0.0
"close__fft_coefficient__attr_""angle""__coeff_93",0.0
"close__fft_coefficient__attr_""angle""__coeff_94",0.0
"close__fft_coefficient__attr_""angle""__coeff_95",0.0
"close__fft_coefficient__attr_""angle""__coeff_96",0.0
"close__fft_coefficient__attr_""angle""__coeff_97",0.0
"close__fft_coefficient__attr_""angle""__coeff_98",0.0
"close__fft_coefficient__attr_""angle""__coeff_99",0.0
"close__fft_aggregated__aggtype_""centroid""",6.707674017903506
"close__fft_aggregated__aggtype_""variance""",277.0855802980955
"close__fft_aggregated__aggtype_""skew""",3.0324878647751867
"close__fft_aggregated__aggtype_""kurtosis""",11.774683900001182
close__value_count__value_0,0.0
close__value_count__value_1,0.0
close__value_count__value_-1,0.0
close__range_count__max_1__min_-1,0.0
close__range_count__max_0__min_-1000000000000.0,0.0
close__range_count__max_1000000000000.0__min_0,175.0
close__approximate_entropy__m_2__r_0.1,0.6333699371217785
close__approximate_entropy__m_2__r_0.3,0.5444236699378178
close__approximate_entropy__m_2__r_0.5,0.3509772653650689
close__approximate_entropy__m_2__r_0.7,0.187642296842762
close__approximate_entropy__m_2__r_0.9,0.12939003021658702
close__friedrich_coefficients__coeff_0__m_3__r_30,-0.00018687716731579553
close__friedrich_coefficients__coeff_1__m_3__r_30,0.03304064831897074
close__friedrich_coefficients__coeff_2__m_3__r_30,-1.947047157031745
close__friedrich_coefficients__coeff_3__m_3__r_30,38.3728408239115
close__max_langevin_fixed_point__m_3__r_30,67.85447485593428
"close__linear_trend__attr_""pvalue""",0.0014938770326015536
"close__linear_trend__attr_""rvalue""",0.23831256109028676
"close__linear_trend__attr_""intercept""",53.9494961038961
"close__linear_trend__attr_""slope""",0.035273443797581724
"close__linear_trend__attr_""stderr""",0.010929024838858232
"close__agg_linear_trend__attr_""rvalue""__chunk_len_5__f_agg_""max""",0.17050748174161195
"close__agg_linear_trend__attr_""rvalue""__chunk_len_5__f_agg_""min""",0.2900022302496205
"close__agg_linear_trend__attr_""rvalue""__chunk_len_5__f_agg_""mean""",0.24552447426245683
"close__agg_linear_trend__attr_""rvalue""__chunk_len_5__f_agg_""var""",-0.25812827204428673
"close__agg_linear_trend__attr_""rvalue""__chunk_len_10__f_agg_""max""",0.19677506611336718
"close__agg_linear_trend__attr_""rvalue""__chunk_len_10__f_agg_""min""",0.40741524778725885
"close__agg_linear_trend__attr_""rvalue""__chunk_len_10__f_agg_""mean""",0.32001387146345
"close__agg_linear_trend__attr_""rvalue""__chunk_len_10__f_agg_""var""",-0.07238487091902408
"close__agg_linear_trend__attr_""rvalue""__chunk_len_50__f_agg_""max""",0.38370876407199167
"close__agg_linear_trend__attr_""rvalue""__chunk_len_50__f_agg_""min""",0.7536933285263228
"close__agg_linear_trend__attr_""rvalue""__chunk_len_50__f_agg_""mean""",0.5063703557161904
"close__agg_linear_trend__attr_""rvalue""__chunk_len_50__f_agg_""var""",-0.42903324799190234
"close__agg_linear_trend__attr_""intercept""__chunk_len_5__f_agg_""max""",56.87433333333334
"close__agg_linear_trend__attr_""intercept""__chunk_len_5__f_agg_""min""",51.47571428571428
"close__agg_linear_trend__attr_""intercept""__chunk_len_5__f_agg_""mean""",54.025076190476184
"close__agg_linear_trend__attr_""intercept""__chunk_len_5__f_agg_""var""",5.535915314285715
"close__agg_linear_trend__attr_""intercept""__chunk_len_10__f_agg_""max""",58.554795321637435
"close__agg_linear_trend__attr_""intercept""__chunk_len_10__f_agg_""min""",49.40619883040936
"close__agg_linear_trend__attr_""intercept""__chunk_len_10__f_agg_""mean""",53.624836257309944
"close__agg_linear_trend__attr_""intercept""__chunk_len_10__f_agg_""var""",8.651712953216375
"close__agg_linear_trend__attr_""intercept""__chunk_len_50__f_agg_""max""",63.087999999999994
"close__agg_linear_trend__attr_""intercept""__chunk_len_50__f_agg_""min""",44.09
"close__agg_linear_trend__attr_""intercept""__chunk_len_50__f_agg_""mean""",53.943540000000006
"close__agg_linear_trend__attr_""intercept""__chunk_len_50__f_agg_""var""",34.04922846800001
"close__agg_linear_trend__attr_""slope""__chunk_len_5__f_agg_""max""",0.13520728291316525
"close__agg_linear_trend__attr_""slope""__chunk_len_5__f_agg_""min""",0.20065546218487396
"close__agg_linear_trend__attr_""slope""__chunk_len_5__f_agg_""mean""",0.17607114845938368
"close__agg_linear_trend__attr_""slope""__chunk_len_5__f_agg_""var""",-0.12246020168067229
"close__agg_linear_trend__attr_""slope""__chunk_len_10__f_agg_""max""",0.32211558307533533
"close__agg_linear_trend__attr_""slope""__chunk_len_10__f_agg_""min""",0.506264189886481
"close__agg_linear_trend__attr_""slope""__chunk_len_10__f_agg_""mean""",0.44533952528379767
"close__agg_linear_trend__attr_""slope""__chunk_len_10__f_agg_""var""",-0.11128735397316807
"close__agg_linear_trend__attr_""slope""__chunk_len_50__f_agg_""max""",2.903
"close__agg_linear_trend__attr_""slope""__chunk_len_50__f_agg_""min""",4.075
"close__agg_linear_trend__attr_""slope""__chunk_len_50__f_agg_""mean""",3.085239999999994
"close__agg_linear_trend__attr_""slope""__chunk_len_50__f_agg_""var""",-7.558816192
"close__agg_linear_trend__attr_""stderr""__chunk_len_5__f_agg_""max""",0.13601694269307096
"close__agg_linear_trend__attr_""stderr""__chunk_len_5__f_agg_""min""",0.11527002876132106
"close__agg_linear_trend__attr_""stderr""__chunk_len_5__f_agg_""mean""",0.12101386959421816
"close__agg_linear_trend__attr_""stderr""__chunk_len_5__f_agg_""var""",0.07978647855042643
"close__agg_linear_trend__attr_""stderr""__chunk_len_10__f_agg_""max""",0.40124213623240784
"close__agg_linear_trend__attr_""stderr""__chunk_len_10__f_agg_""min""",0.283704550109539
"close__agg_linear_trend__attr_""stderr""__chunk_len_10__f_agg_""mean""",0.32961101823748296
"close__agg_linear_trend__attr_""stderr""__chunk_len_10__f_agg_""var""",0.38335159249277484
"close__agg_linear_trend__attr_""stderr""__chunk_len_50__f_agg_""max""",4.94021284966549
"close__agg_linear_trend__attr_""stderr""__chunk_len_50__f_agg_""min""",2.512654970345112
"close__agg_linear_trend__attr_""stderr""__chunk_len_50__f_agg_""mean""",3.715114293692726
"close__agg_linear_trend__attr_""stderr""__chunk_len_50__f_agg_""var""",11.253157934035775
"close__augmented_dickey_fuller__attr_""teststat""__autolag_""AIC""",-1.6482313727458175
"close__augmented_dickey_fuller__attr_""pvalue""__autolag_""AIC""",0.45796297886635284
"close__augmented_dickey_fuller__attr_""usedlag""__autolag_""AIC""",1.0
close__number_crossing_m__m_0,0.0
close__number_crossing_m__m_-1,0.0
close__number_crossing_m__m_1,0.0
close__energy_ratio_by_chunks__num_segments_10__segment_focus_0,0.07391978590436482
close__energy_ratio_by_chunks__num_segments_10__segment_focus_1,0.11813972293867644
close__energy_ratio_by_chunks__num_segments_10__segment_focus_2,0.11487076077671707
close__energy_ratio_by_chunks__num_segments_10__segment_focus_3,0.10376870688342875
close__energy_ratio_by_chunks__num_segments_10__segment_focus_4,0.1031255783262453
close__energy_ratio_by_chunks__num_segments_10__segment_focus_5,0.08803887321258745
close__energy_ratio_by_chunks__num_segments_10__segment_focus_6,0.0735791538993217
close__energy_ratio_by_chunks__num_segments_10__segment_focus_7,0.07045281569438328
close__energy_ratio_by_chunks__num_segments_10__segment_focus_8,0.1014911852837853
close__energy_ratio_by_chunks__num_segments_10__segment_focus_9,0.1526134170804898
close__ratio_beyond_r_sigma__r_0.5,0.5885714285714285
close__ratio_beyond_r_sigma__r_1,0.34285714285714286
close__ratio_beyond_r_sigma__r_1.5,0.12
close__ratio_beyond_r_sigma__r_2,0.045714285714285714
close__ratio_beyond_r_sigma__r_2.5,0.017142857142857144
close__ratio_beyond_r_sigma__r_3,0.005714285714285714
close__ratio_beyond_r_sigma__r_5,0.0
close__ratio_beyond_r_sigma__r_6,0.0
close__ratio_beyond_r_sigma__r_7,0.0
close__ratio_beyond_r_sigma__r_10,0.0
close__count_above__t_0,1.0
close__count_below__t_0,0.0
close__lempel_ziv_complexity__bins_2,0.14857142857142858
close__lempel_ziv_complexity__bins_3,0.21142857142857144
close__lempel_ziv_complexity__bins_5,0.26285714285714284
close__lempel_ziv_complexity__bins_10,0.36
close__lempel_ziv_complexity__bins_100,0.6742857142857143
close__fourier_entropy__bins_2,0.06217765171742484
close__fourier_entropy__bins_3,0.12422468404864209
close__fourier_entropy__bins_5,0.12422468404864209
close__fourier_entropy__bins_10,0.23216743420595382
close__fourier_entropy__bins_100,0.7291113221454407
close__permutation_entropy__dimension_3__tau_1,1.6902689133586344
close__permutation_entropy__dimension_4__tau_1,2.875138892823017
close__permutation_entropy__dimension_5__tau_1,3.9918815936446084
close__permutation_entropy__dimension_6__tau_1,4.69928431104997
close__permutation_entropy__dimension_7__tau_1,4.984256700564687
close__query_similarity_count__query_None__threshold_0.0,0.0
close__mean_n_absolute_max__number_of_maxima_7,75.44285714285715
high__variance_larger_than_standard_deviation,1.0
high__has_duplicate_max,0.0
high__has_duplicate_min,0.0
high__has_duplicate,1.0
high__sum_values,10199.7
high__abs_energy,605032.3267999999
high__mean_abs_change,1.3745402298850575
high__mean_change,0.14867816091954023
high__mean_second_derivative_central,0.002774566473988442
high__median,58.17
high__mean,58.284000000000006
high__length,175.0
high__standard_deviation,7.7654958447149856
high__variation_coefficient,0.13323546504555256
high__variance,60.302925714285706
high__skewness,0.6683922228021889
high__kurtosis,0.1611722721186375
high__root_mean_square,58.79904405442562
high__absolute_sum_of_changes,239.17000000000002
high__longest_strike_below_mean,51.0
high__longest_strike_above_mean,28.0
high__count_above_mean,83.0
high__count_below_mean,92.0
high__last_location_of_maximum,0.96
high__first_location_of_maximum,0.9542857142857143
high__last_location_of_minimum,0.03428571428571425
high__first_location_of_minimum,0.02857142857142857
high__percentage_of_reoccurring_values_to_all_values,0.03571428571428571
high__percentage_of_reoccurring_datapoints_to_all_datapoints,0.07428571428571429
high__sum_of_reoccurring_values,352.42
high__sum_of_reoccurring_data_points,756.6
high__ratio_value_number_to_time_series_length,0.96
high__sample_entropy,0.5780015090696474
high__maximum,81.78
high__absolute_maximum,81.78
high__minimum,44.27
high__benford_correlation,-0.293247789302196
high__time_reversal_asymmetry_statistic__lag_1,2214.658343757225
high__time_reversal_asymmetry_statistic__lag_2,4419.065135187132
high__time_reversal_asymmetry_statistic__lag_3,7199.586755213017
high__c3__lag_1,207951.1079675607
high__c3__lag_2,206955.4180633099
high__c3__lag_3,205789.99587248522
high__cid_ce__normalize_True,3.2536172708511795
high__cid_ce__normalize_False,25.265951397087747
high__symmetry_looking__r_0.0,0.0
high__symmetry_looking__r_0.05,1.0
high__symmetry_looking__r_0.1,1.0
high__symmetry_looking__r_0.15000000000000002,1.0
high__symmetry_looking__r_0.2,1.0
high__symmetry_looking__r_0.25,1.0
high__symmetry_looking__r_0.30000000000000004,1.0
high__symmetry_looking__r_0.35000000000000003,1.0
high__symmetry_looking__r_0.4,1.0
high__symmetry_looking__r_0.45,1.0
high__symmetry_looking__r_0.5,1.0
high__symmetry_looking__r_0.55,1.0
high__symmetry_looking__r_0.6000000000000001,1.0
high__symmetry_looking__r_0.65,1.0
high__symmetry_looking__r_0.7000000000000001,1.0
high__symmetry_looking__r_0.75,1.0
high__symmetry_looking__r_0.8,1.0
high__symmetry_looking__r_0.8500000000000001,1.0
high__symmetry_looking__r_0.9,1.0
high__symmetry_looking__r_0.9500000000000001,1.0
high__large_standard_deviation__r_0.05,1.0
high__large_standard_deviation__r_0.1,1.0
high__large_standard_deviation__r_0.15000000000000002,1.0
high__large_standard_deviation__r_0.2,1.0
high__large_standard_deviation__r_0.25,0.0
high__large_standard_deviation__r_0.30000000000000004,0.0
high__large_standard_deviation__r_0.35000000000000003,0.0
high__large_standard_deviation__r_0.4,0.0
high__large_standard_deviation__r_0.45,0.0
high__large_standard_deviation__r_0.5,0.0
high__large_standard_deviation__r_0.55,0.0
high__large_standard_deviation__r_0.6000000000000001,0.0
high__large_standard_deviation__r_0.65,0.0
high__large_standard_deviation__r_0.7000000000000001,0.0
high__large_standard_deviation__r_0.75,0.0
high__large_standard_deviation__r_0.8,0.0
high__large_standard_deviation__r_0.8500000000000001,0.0
high__large_standard_deviation__r_0.9,0.0
high__large_standard_deviation__r_0.9500000000000001,0.0
high__quantile__q_0.1,49.7
high__quantile__q_0.2,51.254
high__quantile__q_0.3,52.858
high__quantile__q_0.4,56.326
high__quantile__q_0.6,59.208
high__quantile__q_0.7,60.629999999999995
high__quantile__q_0.8,64.15000000000002
high__quantile__q_0.9,70.088
high__autocorrelation__lag_0,1.0
high__autocorrelation__lag_1,0.9591188160036817
high__autocorrelation__lag_2,0.9089092039709785
high__autocorrelation__lag_3,0.8611219460598127
high__autocorrelation__lag_4,0.8091152772141794
high__autocorrelation__lag_5,0.751733310831069
high__autocorrelation__lag_6,0.6916397603388061
high__autocorrelation__lag_7,0.6329325346482438
high__autocorrelation__lag_8,0.577024363332376
high__autocorrelation__lag_9,0.5256025702162466
"high__agg_autocorrelation__f_agg_""mean""__maxlag_40",0.10049316270547914
"high__agg_autocorrelation__f_agg_""median""__maxlag_40",-0.0017931170946273974
"high__agg_autocorrelation__f_agg_""var""__maxlag_40",0.18299481977579055
high__partial_autocorrelation__lag_0,1.0
high__partial_autocorrelation__lag_1,0.9591188160036813
high__partial_autocorrelation__lag_2,-0.13733985027677836
high__partial_autocorrelation__lag_3,0.017421430439752843
high__partial_autocorrelation__lag_4,-0.08785572830882885
high__partial_autocorrelation__lag_5,-0.0829868381495894
high__partial_autocorrelation__lag_6,-0.058670827754570075
high__partial_autocorrelation__lag_7,-0.01370621761528983
high__partial_autocorrelation__lag_8,-0.0009132252723103691
high__partial_autocorrelation__lag_9,0.022853941411969326
high__number_cwt_peaks__n_1,21.0
high__number_cwt_peaks__n_5,15.0
high__number_peaks__n_1,40.0
high__number_peaks__n_3,15.0
high__number_peaks__n_5,11.0
high__number_peaks__n_10,5.0
high__number_peaks__n_50,0.0
high__binned_entropy__max_bins_10,2.049103006652828
high__index_mass_quantile__q_0.1,0.11428571428571428
high__index_mass_quantile__q_0.2,0.2057142857142857
high__index_mass_quantile__q_0.3,0.3028571428571429
high__index_mass_quantile__q_0.4,0.4
high__index_mass_quantile__q_0.6,0.6057142857142858
high__index_mass_quantile__q_0.7,0.72
high__index_mass_quantile__q_0.8,0.8342857142857143
high__index_mass_quantile__q_0.9,0.9257142857142857
"high__cwt_coefficients__coeff_0__w_2__widths_(2, 5, 10, 20)",0.46074249268915185
"high__cwt_coefficients__coeff_0__w_5__widths_(2, 5, 10, 20)",-4.607065564296266
"high__cwt_coefficients__coeff_0__w_10__widths_(2, 5, 10, 20)",-24.292282554000924
"high__cwt_coefficients__coeff_0__w_20__widths_(2, 5, 10, 20)",-30.555206720325252
"high__cwt_coefficients__coeff_1__w_2__widths_(2, 5, 10, 20)",26.016606087575703
"high__cwt_coefficients__coeff_1__w_5__widths_(2, 5, 10, 20)",11.462756355188075
"high__cwt_coefficients__coeff_1__w_10__widths_(2, 5, 10, 20)",-12.47131571990036
"high__cwt_coefficients__coeff_1__w_20__widths_(2, 5, 10, 20)",-19.532103430322707
"high__cwt_coefficients__coeff_2__w_2__widths_(2, 5, 10, 20)",35.489590380272475
"high__cwt_coefficients__coeff_2__w_5__widths_(2, 5, 10, 20)",25.46433194171019
"high__cwt_coefficients__coeff_2__w_10__widths_(2, 5, 10, 20)",-1.181673656998952
"high__cwt_coefficients__coeff_2__w_20__widths_(2, 5, 10, 20)",-8.324153418082156
"high__cwt_coefficients__coeff_3__w_2__widths_(2, 5, 10, 20)",27.64440370727645
"high__cwt_coefficients__coeff_3__w_5__widths_(2, 5, 10, 20)",36.07288727451664
"high__cwt_coefficients__coeff_3__w_10__widths_(2, 5, 10, 20)",10.311012325180629
"high__cwt_coefficients__coeff_3__w_20__widths_(2, 5, 10, 20)",2.3229100710985113
"high__cwt_coefficients__coeff_4__w_2__widths_(2, 5, 10, 20)",13.003203392196378
"high__cwt_coefficients__coeff_4__w_5__widths_(2, 5, 10, 20)",41.97863243889443
"high__cwt_coefficients__coeff_4__w_10__widths_(2, 5, 10, 20)",20.768007541372896
"high__cwt_coefficients__coeff_4__w_20__widths_(2, 5, 10, 20)",13.573505888648628
"high__cwt_coefficients__coeff_5__w_2__widths_(2, 5, 10, 20)",1.4712649644181592
"high__cwt_coefficients__coeff_5__w_5__widths_(2, 5, 10, 20)",43.42928191624275
"high__cwt_coefficients__coeff_5__w_10__widths_(2, 5, 10, 20)",30.806906723911666
"high__cwt_coefficients__coeff_5__w_20__widths_(2, 5, 10, 20)",24.68291547848643
"high__cwt_coefficients__coeff_6__w_2__widths_(2, 5, 10, 20)",-3.338044240799953
"high__cwt_coefficients__coeff_6__w_5__widths_(2, 5, 10, 20)",41.01261711374668
"high__cwt_coefficients__coeff_6__w_10__widths_(2, 5, 10, 20)",39.86353750757258
"high__cwt_coefficients__coeff_6__w_20__widths_(2, 5, 10, 20)",35.70237331068913
"high__cwt_coefficients__coeff_7__w_2__widths_(2, 5, 10, 20)",-2.7599035602149016
"high__cwt_coefficients__coeff_7__w_5__widths_(2, 5, 10, 20)",35.68734469788674
"high__cwt_coefficients__coeff_7__w_10__widths_(2, 5, 10, 20)",47.57243659496547
"high__cwt_coefficients__coeff_7__w_20__widths_(2, 5, 10, 20)",46.54982346769203
"high__cwt_coefficients__coeff_8__w_2__widths_(2, 5, 10, 20)",-0.3999398282971724
"high__cwt_coefficients__coeff_8__w_5__widths_(2, 5, 10, 20)",28.671630797480713
"high__cwt_coefficients__coeff_8__w_10__widths_(2, 5, 10, 20)",54.35936800880223
"high__cwt_coefficients__coeff_8__w_20__widths_(2, 5, 10, 20)",56.56474922491474
"high__cwt_coefficients__coeff_9__w_2__widths_(2, 5, 10, 20)",0.7762971165931863
"high__cwt_coefficients__coeff_9__w_5__widths_(2, 5, 10, 20)",20.95974032880577
"high__cwt_coefficients__coeff_9__w_10__widths_(2, 5, 10, 20)",59.78082611782157
"high__cwt_coefficients__coeff_9__w_20__widths_(2, 5, 10, 20)",66.72353986130489
"high__cwt_coefficients__coeff_10__w_2__widths_(2, 5, 10, 20)",0.7221436096040561
"high__cwt_coefficients__coeff_10__w_5__widths_(2, 5, 10, 20)",13.772798983347744
"high__cwt_coefficients__coeff_10__w_10__widths_(2, 5, 10, 20)",64.0999307072555
"high__cwt_coefficients__coeff_10__w_20__widths_(2, 5, 10, 20)",76.39615100911547
"high__cwt_coefficients__coeff_11__w_2__widths_(2, 5, 10, 20)",1.1617413929093394
"high__cwt_coefficients__coeff_11__w_5__widths_(2, 5, 10, 20)",7.619017592319267
"high__cwt_coefficients__coeff_11__w_10__widths_(2, 5, 10, 20)",67.24690431852038
"high__cwt_coefficients__coeff_11__w_20__widths_(2, 5, 10, 20)",85.6509688669892
"high__cwt_coefficients__coeff_12__w_2__widths_(2, 5, 10, 20)",2.1950552472881713
"high__cwt_coefficients__coeff_12__w_5__widths_(2, 5, 10, 20)",2.968218423215278
"high__cwt_coefficients__coeff_12__w_10__widths_(2, 5, 10, 20)",69.51897726176328
"high__cwt_coefficients__coeff_12__w_20__widths_(2, 5, 10, 20)",94.37650113279082
"high__cwt_coefficients__coeff_13__w_2__widths_(2, 5, 10, 20)",1.7353611999073062
"high__cwt_coefficients__coeff_13__w_5__widths_(2, 5, 10, 20)",0.1617395237617373
"high__cwt_coefficients__coeff_13__w_10__widths_(2, 5, 10, 20)",70.68665637214235
"high__cwt_coefficients__coeff_13__w_20__widths_(2, 5, 10, 20)",102.1992675693179
"high__cwt_coefficients__coeff_14__w_2__widths_(2, 5, 10, 20)",-1.5110241903978927
"high__cwt_coefficients__coeff_14__w_5__widths_(2, 5, 10, 20)",-0.6146295755792377
"high__cwt_coefficients__coeff_14__w_10__widths_(2, 5, 10, 20)",71.16610912986074
"high__cwt_coefficients__coeff_14__w_20__widths_(2, 5, 10, 20)",109.70228343065477
high__spkt_welch_density__coeff_2,573.1988326143965
high__spkt_welch_density__coeff_5,7.378872701017237
high__spkt_welch_density__coeff_8,36.49823416779161
high__ar_coefficient__coeff_0__k_10,2.438869566559204
high__ar_coefficient__coeff_1__k_10,1.1090179874154542
high__ar_coefficient__coeff_2__k_10,-0.16121135969577338
high__ar_coefficient__coeff_3__k_10,0.1100077278176673
high__ar_coefficient__coeff_4__k_10,-0.08936942824781445
high__ar_coefficient__coeff_5__k_10,-0.00898493700311
high__ar_coefficient__coeff_6__k_10,-0.0481653042600407
high__ar_coefficient__coeff_7__k_10,0.006391405083468171
high__ar_coefficient__coeff_8__k_10,0.14501300104294926
high__ar_coefficient__coeff_9__k_10,-0.021097292152190764
high__ar_coefficient__coeff_10__k_10,-0.08165657145587313
"high__change_quantiles__f_agg_""mean""__isabs_False__qh_0.2__ql_0.0",-0.07379310344827564
"high__change_quantiles__f_agg_""var""__isabs_False__qh_0.2__ql_0.0",1.99474768133175
"high__change_quantiles__f_agg_""mean""__isabs_True__qh_0.2__ql_0.0",1.1096551724137935
"high__change_quantiles__f_agg_""var""__isabs_True__qh_0.2__ql_0.0",0.7688585017835919
"high__change_quantiles__f_agg_""mean""__isabs_False__qh_0.4__ql_0.0",0.1495384615384615
"high__change_quantiles__f_agg_""var""__isabs_False__qh_0.4__ql_0.0",2.4046720946745554
"high__change_quantiles__f_agg_""mean""__isabs_True__qh_0.4__ql_0.0",1.161846153846154
"high__change_quantiles__f_agg_""var""__isabs_True__qh_0.4__ql_0.0",1.0771473609467455
"high__change_quantiles__f_agg_""mean""__isabs_False__qh_0.6__ql_0.0",0.1034736842105263
"high__change_quantiles__f_agg_""var""__isabs_False__qh_0.6__ql_0.0",2.3838731966759
"high__change_quantiles__f_agg_""mean""__isabs_True__qh_0.6__ql_0.0",1.1420000000000001
"high__change_quantiles__f_agg_""var""__isabs_True__qh_0.6__ql_0.0",1.0904159999999998
"high__change_quantiles__f_agg_""mean""__isabs_False__qh_0.8__ql_0.0",0.1287591240875913
"high__change_quantiles__f_agg_""var""__isabs_False__qh_0.8__ql_0.0",2.4462663434386487
"high__change_quantiles__f_agg_""mean""__isabs_True__qh_0.8__ql_0.0",1.1667153284671534
"high__change_quantiles__f_agg_""var""__isabs_True__qh_0.8__ql_0.0",1.1016205977942353
"high__change_quantiles__f_agg_""mean""__isabs_False__qh_1.0__ql_0.0",0.14867816091954023
"high__change_quantiles__f_agg_""var""__isabs_False__qh_1.0__ql_0.0",3.646678137798918
"high__change_quantiles__f_agg_""mean""__isabs_True__qh_1.0__ql_0.0",1.3745402298850575
"high__change_quantiles__f_agg_""var""__isabs_True__qh_1.0__ql_0.0",1.779422489760868
"high__change_quantiles__f_agg_""mean""__isabs_False__qh_0.4__ql_0.2",0.09879999999999967
"high__change_quantiles__f_agg_""var""__isabs_False__qh_0.4__ql_0.2",1.621122559999999
"high__change_quantiles__f_agg_""mean""__isabs_True__qh_0.4__ql_0.2",0.9163999999999995
"high__change_quantiles__f_agg_""var""__isabs_True__qh_0.4__ql_0.2",0.7910950399999999
"high__change_quantiles__f_agg_""mean""__isabs_False__qh_0.6__ql_0.2",0.04690909090909075
"high__change_quantiles__f_agg_""var""__isabs_False__qh_0.6__ql_0.2",2.006890446280991
"high__change_quantiles__f_agg_""mean""__isabs_True__qh_0.6__ql_0.2",1.0159999999999998
"high__change_quantiles__f_agg_""var""__isabs_True__qh_0.6__ql_0.2",0.976834909090909
"high__change_quantiles__f_agg_""mean""__isabs_False__qh_0.8__ql_0.2",0.10711340206185567
"high__change_quantiles__f_agg_""var""__isabs_False__qh_0.8__ql_0.2",2.260946306727601
"high__change_quantiles__f_agg_""mean""__isabs_True__qh_0.8__ql_0.2",1.1054639175257732
"high__change_quantiles__f_agg_""var""__isabs_True__qh_0.8__ql_0.2",1.0503691146774365
"high__change_quantiles__f_agg_""mean""__isabs_False__qh_1.0__ql_0.2",0.13895522388059695
"high__change_quantiles__f_agg_""var""__isabs_False__qh_1.0__ql_0.2",3.8716108487413696
"high__change_quantiles__f_agg_""mean""__isabs_True__qh_1.0__ql_0.2",1.3922388059701494
"high__change_quantiles__f_agg_""var""__isabs_True__qh_1.0__ql_0.2",1.9525905101358896
"high__change_quantiles__f_agg_""mean""__isabs_False__qh_0.6__ql_0.4",-0.22761904761904767
"high__change_quantiles__f_agg_""var""__isabs_False__qh_0.6__ql_0.4",0.6244086167800461
"high__change_quantiles__f_agg_""mean""__isabs_True__qh_0.6__ql_0.4",0.6076190476190478
"high__change_quantiles__f_agg_""var""__isabs_True__qh_0.6__ql_0.4",0.30701814058956967
"high__change_quantiles__f_agg_""mean""__isabs_False__qh_0.8__ql_0.4",0.048095238095238226
"high__change_quantiles__f_agg_""var""__isabs_False__qh_0.8__ql_0.4",1.96792970521542
"high__change_quantiles__f_agg_""mean""__isabs_True__qh_0.8__ql_0.4",1.0176190476190479
"high__change_quantiles__f_agg_""var""__isabs_True__qh_0.8__ql_0.4",0.9346943310657599
"high__change_quantiles__f_agg_""mean""__isabs_False__qh_1.0__ql_0.4",0.11259999999999998
"high__change_quantiles__f_agg_""var""__isabs_False__qh_1.0__ql_0.4",4.238159240000003
"high__change_quantiles__f_agg_""mean""__isabs_True__qh_1.0__ql_0.4",1.4344
"high__change_quantiles__f_agg_""var""__isabs_True__qh_1.0__ql_0.4",2.193334640000002
"high__change_quantiles__f_agg_""mean""__isabs_False__qh_0.8__ql_0.6",-0.0433333333333333
"high__change_quantiles__f_agg_""var""__isabs_False__qh_0.8__ql_0.6",1.3370055555555567
"high__change_quantiles__f_agg_""mean""__isabs_True__qh_0.8__ql_0.6",0.8708333333333339
"high__change_quantiles__f_agg_""var""__isabs_True__qh_0.8__ql_0.6",0.5805326388888888
"high__change_quantiles__f_agg_""mean""__isabs_False__qh_1.0__ql_0.6",0.22949999999999993
"high__change_quantiles__f_agg_""var""__isabs_False__qh_1.0__ql_0.6",4.777251416666671
"high__change_quantiles__f_agg_""mean""__isabs_True__qh_1.0__ql_0.6",1.5608333333333335
"high__change_quantiles__f_agg_""var""__isabs_True__qh_1.0__ql_0.6",2.393720972222226
"high__change_quantiles__f_agg_""mean""__isabs_False__qh_1.0__ql_0.8",0.18562499999999993
"high__change_quantiles__f_agg_""var""__isabs_False__qh_1.0__ql_0.8",5.533593359375005
"high__change_quantiles__f_agg_""mean""__isabs_True__qh_1.0__ql_0.8",1.7512499999999998
"high__change_quantiles__f_agg_""var""__isabs_True__qh_1.0__ql_0.8",2.501173437500006
"high__fft_coefficient__attr_""real""__coeff_0",10199.699999999999
"high__fft_coefficient__attr_""real""__coeff_1",289.27837583507255
"high__fft_coefficient__attr_""real""__coeff_2",220.56052671717282
"high__fft_coefficient__attr_""real""__coeff_3",-154.67079635250542
"high__fft_coefficient__attr_""real""__coeff_4",-132.2824038475099
"high__fft_coefficient__attr_""real""__coeff_5",-99.63283975641245
"high__fft_coefficient__attr_""real""__coeff_6",-123.019711799053
"high__fft_coefficient__attr_""real""__coeff_7",-30.457436623631075
"high__fft_coefficient__attr_""real""__coeff_8",82.36375411593451
"high__fft_coefficient__attr_""real""__coeff_9",57.10711390293672
"high__fft_coefficient__attr_""real""__coeff_10",-61.759342716779884
"high__fft_coefficient__attr_""real""__coeff_11",-64.42731135210846
"high__fft_coefficient__attr_""real""__coeff_12",-108.36268743123692
"high__fft_coefficient__attr_""real""__coeff_13",-50.74582282525656
"high__fft_coefficient__attr_""real""__coeff_14",-23.125707161813207
"high__fft_coefficient__attr_""real""__coeff_15",3.05541471551256
"high__fft_coefficient__attr_""real""__coeff_16",-15.487880582785543
"high__fft_coefficient__attr_""real""__coeff_17",9.634262669015945
"high__fft_coefficient__attr_""real""__coeff_18",48.58010992625428
"high__fft_coefficient__attr_""real""__coeff_19",21.498012661520423
"high__fft_coefficient__attr_""real""__coeff_20",19.782659616521855
"high__fft_coefficient__attr_""real""__coeff_21",-29.46652163884605
"high__fft_coefficient__attr_""real""__coeff_22",-5.687641074840938
"high__fft_coefficient__attr_""real""__coeff_23",-14.666595130905396
"high__fft_coefficient__attr_""real""__coeff_24",-4.738071018029178
"high__fft_coefficient__attr_""real""__coeff_25",-6.856938615849318
"high__fft_coefficient__attr_""real""__coeff_26",17.05244520949238
"high__fft_coefficient__attr_""real""__coeff_27",2.5260342385237022
"high__fft_coefficient__attr_""real""__coeff_28",-6.851228587161337
"high__fft_coefficient__attr_""real""__coeff_29",-31.23175377274608
"high__fft_coefficient__attr_""real""__coeff_30",-35.127207777424324
"high__fft_coefficient__attr_""real""__coeff_31",-38.61735134662162
"high__fft_coefficient__attr_""real""__coeff_32",-19.107113587771643
"high__fft_coefficient__attr_""real""__coeff_33",-13.708934364453292
"high__fft_coefficient__attr_""real""__coeff_34",-34.1814886862773
"high__fft_coefficient__attr_""real""__coeff_35",-5.14505024998698
"high__fft_coefficient__attr_""real""__coeff_36",-7.9821781384490915
"high__fft_coefficient__attr_""real""__coeff_37",-29.383764219415546
"high__fft_coefficient__attr_""real""__coeff_38",-32.04432425652342
"high__fft_coefficient__attr_""real""__coeff_39",-19.37537022342995
"high__fft_coefficient__attr_""real""__coeff_40",-32.28128105036456
"high__fft_coefficient__attr_""real""__coeff_41",7.117058523677194
"high__fft_coefficient__attr_""real""__coeff_42",21.581150890843546
"high__fft_coefficient__attr_""real""__coeff_43",2.28584751486778
"high__fft_coefficient__attr_""real""__coeff_44",-10.858975616488014
"high__fft_coefficient__attr_""real""__coeff_45",-17.612882829686924
"high__fft_coefficient__attr_""real""__coeff_46",-21.953827583751586
"high__fft_coefficient__attr_""real""__coeff_47",-4.975799278194553
"high__fft_coefficient__attr_""real""__coeff_48",-11.777241371008325
"high__fft_coefficient__attr_""real""__coeff_49",-31.189347605066178
"high__fft_coefficient__attr_""real""__coeff_50",-12.652659046126239
"high__fft_coefficient__attr_""real""__coeff_51",-22.270201112772593
"high__fft_coefficient__attr_""real""__coeff_52",-12.796943491089866
"high__fft_coefficient__attr_""real""__coeff_53",-10.15140609181577
"high__fft_coefficient__attr_""real""__coeff_54",-4.440167960429973
"high__fft_coefficient__attr_""real""__coeff_55",-12.706754421773638
"high__fft_coefficient__attr_""real""__coeff_56",-19.371696016573516
"high__fft_coefficient__attr_""real""__coeff_57",-12.332432198523492
"high__fft_coefficient__attr_""real""__coeff_58",-17.195470662820323
"high__fft_coefficient__attr_""real""__coeff_59",-21.5027349202744
"high__fft_coefficient__attr_""real""__coeff_60",-23.3154286417441
"high__fft_coefficient__attr_""real""__coeff_61",-19.70825448764463
"high__fft_coefficient__attr_""real""__coeff_62",-3.692279261542515
"high__fft_coefficient__attr_""real""__coeff_63",12.097996189993259
"high__fft_coefficient__attr_""real""__coeff_64",4.02439730008663
"high__fft_coefficient__attr_""real""__coeff_65",-17.133256956207994
"high__fft_coefficient__attr_""real""__coeff_66",-15.915128472103644
"high__fft_coefficient__attr_""real""__coeff_67",-8.868470515010527
"high__fft_coefficient__attr_""real""__coeff_68",-13.97761915403482
"high__fft_coefficient__attr_""real""__coeff_69",-14.102318903668154
"high__fft_coefficient__attr_""real""__coeff_70",-3.154949750012065
"high__fft_coefficient__attr_""real""__coeff_71",-15.680488281049486
"high__fft_coefficient__attr_""real""__coeff_72",-14.604164281972679
"high__fft_coefficient__attr_""real""__coeff_73",-1.2804510885473785
"high__fft_coefficient__attr_""real""__coeff_74",-8.67589250445961
"high__fft_coefficient__attr_""real""__coeff_75",-10.20540233802444
"high__fft_coefficient__attr_""real""__coeff_76",-19.785718117133666
"high__fft_coefficient__attr_""real""__coeff_77",-20.656901393174394
"high__fft_coefficient__attr_""real""__coeff_78",-29.051687826684933
"high__fft_coefficient__attr_""real""__coeff_79",-20.83445420743586
"high__fft_coefficient__attr_""real""__coeff_80",-8.384121849392686
"high__fft_coefficient__attr_""real""__coeff_81",-0.2796437009992516
"high__fft_coefficient__attr_""real""__coeff_82",-7.37726492203382
"high__fft_coefficient__attr_""real""__coeff_83",-14.533600616123064
"high__fft_coefficient__attr_""real""__coeff_84",-25.110308054570716
"high__fft_coefficient__attr_""real""__coeff_85",-7.969958332247827
"high__fft_coefficient__attr_""real""__coeff_86",0.04427075184401863
"high__fft_coefficient__attr_""real""__coeff_87",-6.553372728865144
"high__fft_coefficient__attr_""real""__coeff_88",0.0
"high__fft_coefficient__attr_""real""__coeff_89",0.0
"high__fft_coefficient__attr_""real""__coeff_90",0.0
"high__fft_coefficient__attr_""real""__coeff_91",0.0
"high__fft_coefficient__attr_""real""__coeff_92",0.0
"high__fft_coefficient__attr_""real""__coeff_93",0.0
"high__fft_coefficient__attr_""real""__coeff_94",0.0
"high__fft_coefficient__attr_""real""__coeff_95",0.0
"high__fft_coefficient__attr_""real""__coeff_96",0.0
"high__fft_coefficient__attr_""real""__coeff_97",0.0
"high__fft_coefficient__attr_""real""__coeff_98",0.0
"high__fft_coefficient__attr_""real""__coeff_99",0.0
"high__fft_coefficient__attr_""imag""__coeff_0",0.0
"high__fft_coefficient__attr_""imag""__coeff_1",-288.1682841953198
"high__fft_coefficient__attr_""imag""__coeff_2",281.48135393352845
"high__fft_coefficient__attr_""imag""__coeff_3",396.18167905204785
"high__fft_coefficient__attr_""imag""__coeff_4",358.4601531869721
"high__fft_coefficient__attr_""imag""__coeff_5",243.83805051240793
"high__fft_coefficient__attr_""imag""__coeff_6",156.30517066655455
"high__fft_coefficient__attr_""imag""__coeff_7",221.3572992218141
"high__fft_coefficient__attr_""imag""__coeff_8",149.1260092515005
"high__fft_coefficient__attr_""imag""__coeff_9",67.09239621337038
"high__fft_coefficient__attr_""imag""__coeff_10",48.827096811998715
"high__fft_coefficient__attr_""imag""__coeff_11",4.689072539762909
"high__fft_coefficient__attr_""imag""__coeff_12",104.83532116449722
"high__fft_coefficient__attr_""imag""__coeff_13",76.47447803723284
"high__fft_coefficient__attr_""imag""__coeff_14",70.3022843101104
"high__fft_coefficient__attr_""imag""__coeff_15",37.50868884733616
"high__fft_coefficient__attr_""imag""__coeff_16",67.34621681978346
"high__fft_coefficient__attr_""imag""__coeff_17",-16.15424206973162
"high__fft_coefficient__attr_""imag""__coeff_18",-33.428864035964956
"high__fft_coefficient__attr_""imag""__coeff_19",-5.70082788612126
"high__fft_coefficient__attr_""imag""__coeff_20",21.00808937813704
"high__fft_coefficient__attr_""imag""__coeff_21",26.058626627198578
"high__fft_coefficient__attr_""imag""__coeff_22",58.1063822967501
"high__fft_coefficient__attr_""imag""__coeff_23",24.48664171457298
"high__fft_coefficient__attr_""imag""__coeff_24",32.3332036314928
"high__fft_coefficient__attr_""imag""__coeff_25",54.93780680711144
"high__fft_coefficient__attr_""imag""__coeff_26",54.70930731791924
"high__fft_coefficient__attr_""imag""__coeff_27",22.754644786124164
"high__fft_coefficient__attr_""imag""__coeff_28",18.534960033297516
"high__fft_coefficient__attr_""imag""__coeff_29",16.644749982442544
"high__fft_coefficient__attr_""imag""__coeff_30",-4.271604497230811
"high__fft_coefficient__attr_""imag""__coeff_31",0.05948710836932314
"high__fft_coefficient__attr_""imag""__coeff_32",21.969293517668444
"high__fft_coefficient__attr_""imag""__coeff_33",36.18850887224452
"high__fft_coefficient__attr_""imag""__coeff_34",33.64629851079117
"high__fft_coefficient__attr_""imag""__coeff_35",17.070127348596525
"high__fft_coefficient__attr_""imag""__coeff_36",2.354736813621418
"high__fft_coefficient__attr_""imag""__coeff_37",17.045114738801722
"high__fft_coefficient__attr_""imag""__coeff_38",30.944281827302188
"high__fft_coefficient__attr_""imag""__coeff_39",21.186312822778547
"high__fft_coefficient__attr_""imag""__coeff_40",26.34754889258275
"high__fft_coefficient__attr_""imag""__coeff_41",36.579116433673974
"high__fft_coefficient__attr_""imag""__coeff_42",18.52578863046582
"high__fft_coefficient__attr_""imag""__coeff_43",8.372604921624475
"high__fft_coefficient__attr_""imag""__coeff_44",26.21984094889216
"high__fft_coefficient__attr_""imag""__coeff_45",-8.660954726525983
"high__fft_coefficient__attr_""imag""__coeff_46",27.76769646603164
"high__fft_coefficient__attr_""imag""__coeff_47",14.600370605873447
"high__fft_coefficient__attr_""imag""__coeff_48",8.584522703556544
"high__fft_coefficient__attr_""imag""__coeff_49",-11.975574353089002
"high__fft_coefficient__attr_""imag""__coeff_50",1.6023322561029936
"high__fft_coefficient__attr_""imag""__coeff_51",21.577812497970974
"high__fft_coefficient__attr_""imag""__coeff_52",7.912825143965527
"high__fft_coefficient__attr_""imag""__coeff_53",-1.4476781575202473
"high__fft_coefficient__attr_""imag""__coeff_54",2.675838789400104
"high__fft_coefficient__attr_""imag""__coeff_55",17.24038741879118
"high__fft_coefficient__attr_""imag""__coeff_56",30.31245334899451
"high__fft_coefficient__attr_""imag""__coeff_57",25.70735265373842
"high__fft_coefficient__attr_""imag""__coeff_58",14.436673620980123
"high__fft_coefficient__attr_""imag""__coeff_59",9.992177582124459
"high__fft_coefficient__attr_""imag""__coeff_60",5.296045210913506
"high__fft_coefficient__attr_""imag""__coeff_61",11.621125938389085
"high__fft_coefficient__attr_""imag""__coeff_62",-9.16013524146232
"high__fft_coefficient__attr_""imag""__coeff_63",0.9613502340603306
"high__fft_coefficient__attr_""imag""__coeff_64",-1.6037043357276595
"high__fft_coefficient__attr_""imag""__coeff_65",-5.821984134650821
"high__fft_coefficient__attr_""imag""__coeff_66",1.2624151345071182
"high__fft_coefficient__attr_""imag""__coeff_67",12.368104044155526
"high__fft_coefficient__attr_""imag""__coeff_68",10.496562835893272
"high__fft_coefficient__attr_""imag""__coeff_69",-3.2948389165565475
"high__fft_coefficient__attr_""imag""__coeff_70",-11.649077315508771
"high__fft_coefficient__attr_""imag""__coeff_71",5.459748575230544
"high__fft_coefficient__attr_""imag""__coeff_72",16.453994182563434
"high__fft_coefficient__attr_""imag""__coeff_73",13.196953207214573
"high__fft_coefficient__attr_""imag""__coeff_74",12.097368830226568
"high__fft_coefficient__attr_""imag""__coeff_75",9.935229718811504
"high__fft_coefficient__attr_""imag""__coeff_76",3.207625186644538
"high__fft_coefficient__attr_""imag""__coeff_77",4.407624868799997
"high__fft_coefficient__attr_""imag""__coeff_78",1.7637700226176696
"high__fft_coefficient__attr_""imag""__coeff_79",3.7237739727469688
"high__fft_coefficient__attr_""imag""__coeff_80",5.113147570808562
"high__fft_coefficient__attr_""imag""__coeff_81",-6.84265870072127
"high__fft_coefficient__attr_""imag""__coeff_82",1.8052524320994507
"high__fft_coefficient__attr_""imag""__coeff_83",-8.099303565550649
"high__fft_coefficient__attr_""imag""__coeff_84",8.49941069218137
"high__fft_coefficient__attr_""imag""__coeff_85",3.4723768344156394
"high__fft_coefficient__attr_""imag""__coeff_86",5.7059919705074735
"high__fft_coefficient__attr_""imag""__coeff_87",0.13061816861454467
"high__fft_coefficient__attr_""imag""__coeff_88",0.0
"high__fft_coefficient__attr_""imag""__coeff_89",0.0
"high__fft_coefficient__attr_""imag""__coeff_90",0.0
"high__fft_coefficient__attr_""imag""__coeff_91",0.0
"high__fft_coefficient__attr_""imag""__coeff_92",0.0
"high__fft_coefficient__attr_""imag""__coeff_93",0.0
"high__fft_coefficient__attr_""imag""__coeff_94",0.0
"high__fft_coefficient__attr_""imag""__coeff_95",0.0
"high__fft_coefficient__attr_""imag""__coeff_96",0.0
"high__fft_coefficient__attr_""imag""__coeff_97",0.0
"high__fft_coefficient__attr_""imag""__coeff_98",0.0
"high__fft_coefficient__attr_""imag""__coeff_99",0.0
"high__fft_coefficient__attr_""abs""__coeff_0",10199.699999999999
"high__fft_coefficient__attr_""abs""__coeff_1",408.3172035830135
"high__fft_coefficient__attr_""abs""__coeff_2",357.60131229905886
"high__fft_coefficient__attr_""abs""__coeff_3",425.30339530835874
"high__fft_coefficient__attr_""abs""__coeff_4",382.0894081108546
"high__fft_coefficient__attr_""abs""__coeff_5",263.40785416463683
"high__fft_coefficient__attr_""abs""__coeff_6",198.909918978976
"high__fft_coefficient__attr_""abs""__coeff_7",223.44285480734942
"high__fft_coefficient__attr_""abs""__coeff_8",170.35948646127324
"high__fft_coefficient__attr_""abs""__coeff_9",88.10568703537169
"high__fft_coefficient__attr_""abs""__coeff_10",78.72929439476114
"high__fft_coefficient__attr_""abs""__coeff_11",64.5977232520209
"high__fft_coefficient__attr_""abs""__coeff_12",150.77438970522556
"high__fft_coefficient__attr_""abs""__coeff_13",91.77954197575589
"high__fft_coefficient__attr_""abs""__coeff_14",74.00817192008955
"high__fft_coefficient__attr_""abs""__coeff_15",37.632928375693155
"high__fft_coefficient__attr_""abs""__coeff_16",69.1041776225136
"high__fft_coefficient__attr_""abs""__coeff_17",18.809001941173836
"high__fft_coefficient__attr_""abs""__coeff_18",58.9704674492409
"high__fft_coefficient__attr_""abs""__coeff_19",22.241042848348417
"high__fft_coefficient__attr_""abs""__coeff_20",28.85642806764134
"high__fft_coefficient__attr_""abs""__coeff_21",39.33608927166407
"high__fft_coefficient__attr_""abs""__coeff_22",58.38408108904593
"high__fft_coefficient__attr_""abs""__coeff_23",28.543031289471752
"high__fft_coefficient__attr_""abs""__coeff_24",32.67851548108431
"high__fft_coefficient__attr_""abs""__coeff_25",55.364069792212945
"high__fft_coefficient__attr_""abs""__coeff_26",57.30527196366205
"high__fft_coefficient__attr_""abs""__coeff_27",22.894425267232233
"high__fft_coefficient__attr_""abs""__coeff_28",19.7606699428302
"high__fft_coefficient__attr_""abs""__coeff_29",35.390254953863504
"high__fft_coefficient__attr_""abs""__coeff_30",35.38597647683475
"high__fft_coefficient__attr_""abs""__coeff_31",38.61739716428958
"high__fft_coefficient__attr_""abs""__coeff_32",29.11583155813133
"high__fft_coefficient__attr_""abs""__coeff_33",38.698101449624225
"high__fft_coefficient__attr_""abs""__coeff_34",47.96298126980193
"high__fft_coefficient__attr_""abs""__coeff_35",17.828650811886863
"high__fft_coefficient__attr_""abs""__coeff_36",8.322256502617456
"high__fft_coefficient__attr_""abs""__coeff_37",33.969714984985096
"high__fft_coefficient__attr_""abs""__coeff_38",44.5464622036893
"high__fft_coefficient__attr_""abs""__coeff_39",28.710012579579388
"high__fft_coefficient__attr_""abs""__coeff_40",41.66862655403541
"high__fft_coefficient__attr_""abs""__coeff_41",37.26505442230997
"high__fft_coefficient__attr_""abs""__coeff_42",28.442062480665037
"high__fft_coefficient__attr_""abs""__coeff_43",8.67903289743953
"high__fft_coefficient__attr_""abs""__coeff_44",28.37952449962267
"high__fft_coefficient__attr_""abs""__coeff_45",19.62716939212614
"high__fft_coefficient__attr_""abs""__coeff_46",35.397959158781426
"high__fft_coefficient__attr_""abs""__coeff_47",15.424960300945179
"high__fft_coefficient__attr_""abs""__coeff_48",14.5738616831253
"high__fft_coefficient__attr_""abs""__coeff_49",33.40942659064969
"high__fft_coefficient__attr_""abs""__coeff_50",12.753715129187585
"high__fft_coefficient__attr_""abs""__coeff_51",31.0090930180315
"high__fft_coefficient__attr_""abs""__coeff_52",15.045749049918397
"high__fft_coefficient__attr_""abs""__coeff_53",10.254112233085591
"high__fft_coefficient__attr_""abs""__coeff_54",5.184130085529016
"high__fft_coefficient__attr_""abs""__coeff_55",21.417109195343734
"high__fft_coefficient__attr_""abs""__coeff_56",35.973704766030124
"high__fft_coefficient__attr_""abs""__coeff_57",28.512398432872157
"high__fft_coefficient__attr_""abs""__coeff_58",22.452210504861604
"high__fft_coefficient__attr_""abs""__coeff_59",23.710993692468872
"high__fft_coefficient__attr_""abs""__coeff_60",23.90935606879242
"high__fft_coefficient__attr_""abs""__coeff_61",22.879376368810064
"high__fft_coefficient__attr_""abs""__coeff_62",9.876284918282629
"high__fft_coefficient__attr_""abs""__coeff_63",12.136132253960454
"high__fft_coefficient__attr_""abs""__coeff_64",4.332163573247927
"high__fft_coefficient__attr_""abs""__coeff_65",18.095413595482572
"high__fft_coefficient__attr_""abs""__coeff_66",15.965118422842867
"high__fft_coefficient__attr_""abs""__coeff_67",15.219059331071266
"high__fft_coefficient__attr_""abs""__coeff_68",17.48003628666419
"high__fft_coefficient__attr_""abs""__coeff_69",14.482104886611328
"high__fft_coefficient__attr_""abs""__coeff_70",12.068749323264704
"high__fft_coefficient__attr_""abs""__coeff_71",16.603811828518843
"high__fft_coefficient__attr_""abs""__coeff_72",22.000353154771812
"high__fft_coefficient__attr_""abs""__coeff_73",13.25892638728993
"high__fft_coefficient__attr_""abs""__coeff_74",14.886821130230448
"high__fft_coefficient__attr_""abs""__coeff_75",14.242858787705156
"high__fft_coefficient__attr_""abs""__coeff_76",20.04403903280643
"high__fft_coefficient__attr_""abs""__coeff_77",21.121901717208
"high__fft_coefficient__attr_""abs""__coeff_78",29.10517909705828
"high__fft_coefficient__attr_""abs""__coeff_79",21.1646161014522
"high__fft_coefficient__attr_""abs""__coeff_80",9.820273787747944
"high__fft_coefficient__attr_""abs""__coeff_81",6.84837051378392
"high__fft_coefficient__attr_""abs""__coeff_82",7.594930814264976
"high__fft_coefficient__attr_""abs""__coeff_83",16.6380366965551
"high__fft_coefficient__attr_""abs""__coeff_84",26.509763346921936
"high__fft_coefficient__attr_""abs""__coeff_85",8.693539940550853
"high__fft_coefficient__attr_""abs""__coeff_86",5.706163708391532
"high__fft_coefficient__attr_""abs""__coeff_87",6.554674303838872
"high__fft_coefficient__attr_""abs""__coeff_88",0.0
"high__fft_coefficient__attr_""abs""__coeff_89",0.0
"high__fft_coefficient__attr_""abs""__coeff_90",0.0
"high__fft_coefficient__attr_""abs""__coeff_91",0.0
"high__fft_coefficient__attr_""abs""__coeff_92",0.0
"high__fft_coefficient__attr_""abs""__coeff_93",0.0
"high__fft_coefficient__attr_""abs""__coeff_94",0.0
"high__fft_coefficient__attr_""abs""__coeff_95",0.0
"high__fft_coefficient__attr_""abs""__coeff_96",0.0
"high__fft_coefficient__attr_""abs""__coeff_97",0.0
"high__fft_coefficient__attr_""abs""__coeff_98",0.0
"high__fft_coefficient__attr_""abs""__coeff_99",0.0
"high__fft_coefficient__attr_""angle""__coeff_0",0.0
"high__fft_coefficient__attr_""angle""__coeff_1",-44.889853917460215
"high__fft_coefficient__attr_""angle""__coeff_2",51.91879259843908
"high__fft_coefficient__attr_""angle""__coeff_3",111.32585789554935
"high__fft_coefficient__attr_""angle""__coeff_4",110.25555307377081
"high__fft_coefficient__attr_""angle""__coeff_5",112.22504815726751
"high__fft_coefficient__attr_""angle""__coeff_6",128.20445287153203
"high__fft_coefficient__attr_""angle""__coeff_7",97.8343624105538
"high__fft_coefficient__attr_""angle""__coeff_8",61.08770004191716
"high__fft_coefficient__attr_""angle""__coeff_9",49.59652887110833
"high__fft_coefficient__attr_""angle""__coeff_10",141.67001191613687
"high__fft_coefficient__attr_""angle""__coeff_11",175.83730583720015
"high__fft_coefficient__attr_""angle""__coeff_12",135.94787359010937
"high__fft_coefficient__attr_""angle""__coeff_13",123.56687829629993
"high__fft_coefficient__attr_""angle""__coeff_14",108.20845192405342
"high__fft_coefficient__attr_""angle""__coeff_15",85.34303394232589
"high__fft_coefficient__attr_""angle""__coeff_16",102.95135104684735
"high__fft_coefficient__attr_""angle""__coeff_17",-59.188482723963986
"high__fft_coefficient__attr_""angle""__coeff_18",-34.53257298707978
"high__fft_coefficient__attr_""angle""__coeff_19",-14.85182551580681
"high__fft_coefficient__attr_""angle""__coeff_20",46.72075395008703
"high__fft_coefficient__attr_""angle""__coeff_21",138.51216309148973
"high__fft_coefficient__attr_""angle""__coeff_22",95.59048764183979
"high__fft_coefficient__attr_""angle""__coeff_23",120.9200532472975
"high__fft_coefficient__attr_""angle""__coeff_24",98.33672325172044
"high__fft_coefficient__attr_""angle""__coeff_25",97.11445239253663
"high__fft_coefficient__attr_""angle""__coeff_26",72.68816911284897
"high__fft_coefficient__attr_""angle""__coeff_27",83.66542862722866
"high__fft_coefficient__attr_""angle""__coeff_28",110.28623626996614
"high__fft_coefficient__attr_""angle""__coeff_29",151.94491989693645
"high__fft_coefficient__attr_""angle""__coeff_30",-173.06665322512328
"high__fft_coefficient__attr_""angle""__coeff_31",179.91174025586315
"high__fft_coefficient__attr_""angle""__coeff_32",131.0141061906697
"high__fft_coefficient__attr_""angle""__coeff_33",110.74769449354893
"high__fft_coefficient__attr_""angle""__coeff_34",135.45207876022494
"high__fft_coefficient__attr_""angle""__coeff_35",106.77315712352215
"high__fft_coefficient__attr_""angle""__coeff_36",163.5639786600208
"high__fft_coefficient__attr_""angle""__coeff_37",149.88257334159044
"high__fft_coefficient__attr_""angle""__coeff_38",136.0005203451593
"high__fft_coefficient__attr_""angle""__coeff_39",132.44363397933512
"high__fft_coefficient__attr_""angle""__coeff_40",140.7791376342719
"high__fft_coefficient__attr_""angle""__coeff_41",78.98973912025359
"high__fft_coefficient__attr_""angle""__coeff_42",40.64359960379865
"high__fft_coefficient__attr_""angle""__coeff_43",74.72953318603797
"high__fft_coefficient__attr_""angle""__coeff_44",112.49694454885129
"high__fft_coefficient__attr_""angle""__coeff_45",-153.81482004610257
"high__fft_coefficient__attr_""angle""__coeff_46",128.33076847527155
"high__fft_coefficient__attr_""angle""__coeff_47",108.81908547332694
"high__fft_coefficient__attr_""angle""__coeff_48",143.91140191691906
"high__fft_coefficient__attr_""angle""__coeff_49",-158.9950278839384
"high__fft_coefficient__attr_""angle""__coeff_50",172.78248510439042
"high__fft_coefficient__attr_""angle""__coeff_51",135.9046623870101
"high__fft_coefficient__attr_""angle""__coeff_52",148.2699597138557
"high__fft_coefficient__attr_""angle""__coeff_53",-171.8838518607857
"high__fft_coefficient__attr_""angle""__coeff_54",148.92500060641464
"high__fft_coefficient__attr_""angle""__coeff_55",126.39148288929081
"high__fft_coefficient__attr_""angle""__coeff_56",122.58131342832498
"high__fft_coefficient__attr_""angle""__coeff_57",115.62814866174614
"high__fft_coefficient__attr_""angle""__coeff_58",139.98443821265934
"high__fft_coefficient__attr_""angle""__coeff_59",155.0760209230844
"high__fft_coefficient__attr_""angle""__coeff_60",167.20254763196093
"high__fft_coefficient__attr_""angle""__coeff_61",149.4739413130313
"high__fft_coefficient__attr_""angle""__coeff_62",-111.95344219250106
"high__fft_coefficient__attr_""angle""__coeff_63",4.543381496055522
"high__fft_coefficient__attr_""angle""__coeff_64",-21.72706080945054
"high__fft_coefficient__attr_""angle""__coeff_65",-161.23192909388612
"high__fft_coefficient__attr_""angle""__coeff_66",175.4646970814609
"high__fft_coefficient__attr_""angle""__coeff_67",125.64217510374124
"high__fft_coefficient__attr_""angle""__coeff_68",143.09509963219253
"high__fft_coefficient__attr_""angle""__coeff_69",-166.84941887897554
"high__fft_coefficient__attr_""angle""__coeff_70",-105.15402823138359
"high__fft_coefficient__attr_""angle""__coeff_71",160.80252615802544
"high__fft_coefficient__attr_""angle""__coeff_72",131.5914790114225
"high__fft_coefficient__attr_""angle""__coeff_73",95.5418484728258
"high__fft_coefficient__attr_""angle""__coeff_74",125.64702615196066
"high__fft_coefficient__attr_""angle""__coeff_75",135.7685370738748
"high__fft_coefficient__attr_""angle""__coeff_76",170.79142727544706
"high__fft_coefficient__attr_""angle""__coeff_77",167.95525147788106
"high__fft_coefficient__attr_""angle""__coeff_78",176.52575464835135
"high__fft_coefficient__attr_""angle""__coeff_79",169.8664386716656
"high__fft_coefficient__attr_""angle""__coeff_80",148.62262042286537
"high__fft_coefficient__attr_""angle""__coeff_81",-92.34024425656477
"high__fft_coefficient__attr_""angle""__coeff_82",166.2496542003318
"high__fft_coefficient__attr_""angle""__coeff_83",-150.86989448031753
"high__fft_coefficient__attr_""angle""__coeff_84",161.2999174325754
"high__fft_coefficient__attr_""angle""__coeff_85",156.45805274694857
"high__fft_coefficient__attr_""angle""__coeff_86",89.55547144917726
"high__fft_coefficient__attr_""angle""__coeff_87",178.85816367920683
"high__fft_coefficient__attr_""angle""__coeff_88",0.0
"high__fft_coefficient__attr_""angle""__coeff_89",0.0
"high__fft_coefficient__attr_""angle""__coeff_90",0.0
"high__fft_coefficient__attr_""angle""__coeff_91",0.0
"high__fft_coefficient__attr_""angle""__coeff_92",0.0
"high__fft_coefficient__attr_""angle""__coeff_93",0.0
"high__fft_coefficient__attr_""angle""__coeff_94",0.0
"high__fft_coefficient__attr_""angle""__coeff_95",0.0
"high__fft_coefficient__attr_""angle""__coeff_96",0.0
"high__fft_coefficient__attr_""angle""__coeff_97",0.0
"high__fft_coefficient__attr_""angle""__coeff_98",0.0
"high__fft_coefficient__attr_""angle""__coeff_99",0.0
"high__fft_aggregated__aggtype_""centroid""",6.242035153079731
"high__fft_aggregated__aggtype_""variance""",242.8833344857102
"high__fft_aggregated__aggtype_""skew""",3.1317379936107708
"high__fft_aggregated__aggtype_""kurtosis""",12.660448549246741
high__value_count__value_0,0.0
high__value_count__value_1,0.0
high__value_count__value_-1,0.0
high__range_count__max_1__min_-1,0.0
high__range_count__max_0__min_-1000000000000.0,0.0
high__range_count__max_1000000000000.0__min_0,175.0
high__approximate_entropy__m_2__r_0.1,0.6451196435545454
high__approximate_entropy__m_2__r_0.3,0.5251329514132039
high__approximate_entropy__m_2__r_0.5,0.31128946866880525
high__approximate_entropy__m_2__r_0.7,0.18633584729467523
high__approximate_entropy__m_2__r_0.9,0.1191564683976718
high__friedrich_coefficients__coeff_0__m_3__r_30,-0.00022940955641387686
high__friedrich_coefficients__coeff_1__m_3__r_30,0.04197044198255521
high__friedrich_coefficients__coeff_2__m_3__r_30,-2.5489668574843676
high__friedrich_coefficients__coeff_3__m_3__r_30,51.526387755831216
high__max_langevin_fixed_point__m_3__r_30,71.24143741999205
"high__linear_trend__attr_""pvalue""",0.003159064006480585
"high__linear_trend__attr_""rvalue""",0.2219375562589697
"high__linear_trend__attr_""intercept""",55.31589740259741
"high__linear_trend__attr_""slope""",0.03411612180922525
"high__linear_trend__attr_""stderr""",0.011395608960191756
"high__agg_linear_trend__attr_""rvalue""__chunk_len_5__f_agg_""max""",0.15446143121112973
"high__agg_linear_trend__attr_""rvalue""__chunk_len_5__f_agg_""min""",0.2927605158964669
"high__agg_linear_trend__attr_""rvalue""__chunk_len_5__f_agg_""mean""",0.22815202571496165
"high__agg_linear_trend__attr_""rvalue""__chunk_len_5__f_agg_""var""",-0.3735898870184831
"high__agg_linear_trend__attr_""rvalue""__chunk_len_10__f_agg_""max""",0.18351546235382166
"high__agg_linear_trend__attr_""rvalue""__chunk_len_10__f_agg_""min""",0.3876500655521645
"high__agg_linear_trend__attr_""rvalue""__chunk_len_10__f_agg_""mean""",0.3047226627718422
"high__agg_linear_trend__attr_""rvalue""__chunk_len_10__f_agg_""var""",-0.08049466556873451
"high__agg_linear_trend__attr_""rvalue""__chunk_len_50__f_agg_""max""",0.36769745704075407
"high__agg_linear_trend__attr_""rvalue""__chunk_len_50__f_agg_""min""",0.7335512155583609
"high__agg_linear_trend__attr_""rvalue""__chunk_len_50__f_agg_""mean""",0.4902225812430893
"high__agg_linear_trend__attr_""rvalue""__chunk_len_50__f_agg_""var""",-0.3761192042206783
"high__agg_linear_trend__attr_""intercept""__chunk_len_5__f_agg_""max""",58.30242857142858
"high__agg_linear_trend__attr_""intercept""__chunk_len_5__f_agg_""min""",52.51723809523809
"high__agg_linear_trend__attr_""intercept""__chunk_len_5__f_agg_""mean""",55.38719047619048
"high__agg_linear_trend__attr_""intercept""__chunk_len_5__f_agg_""var""",6.277251657142857
"high__agg_linear_trend__attr_""intercept""__chunk_len_10__f_agg_""max""",59.9719298245614
"high__agg_linear_trend__attr_""intercept""__chunk_len_10__f_agg_""min""",50.680467836257314
"high__agg_linear_trend__attr_""intercept""__chunk_len_10__f_agg_""mean""",54.93111111111111
"high__agg_linear_trend__attr_""intercept""__chunk_len_10__f_agg_""var""",8.788291076023388
"high__agg_linear_trend__attr_""intercept""__chunk_len_50__f_agg_""max""",64.67700000000002
"high__agg_linear_trend__attr_""intercept""__chunk_len_50__f_agg_""min""",44.99700000000001
"high__agg_linear_trend__attr_""intercept""__chunk_len_50__f_agg_""mean""",55.21545999999999
"high__agg_linear_trend__attr_""intercept""__chunk_len_50__f_agg_""var""",34.41765307600001
"high__agg_linear_trend__attr_""slope""__chunk_len_5__f_agg_""max""",0.12251260504201676
"high__agg_linear_trend__attr_""slope""__chunk_len_5__f_agg_""min""",0.21737254901960776
"high__agg_linear_trend__attr_""slope""__chunk_len_5__f_agg_""mean""",0.17040056022408956
"high__agg_linear_trend__attr_""slope""__chunk_len_5__f_agg_""var""",-0.16893375462184873
"high__agg_linear_trend__attr_""slope""__chunk_len_10__f_agg_""max""",0.3064396284829721
"high__agg_linear_trend__attr_""slope""__chunk_len_10__f_agg_""min""",0.5427554179566564
"high__agg_linear_trend__attr_""slope""__chunk_len_10__f_agg_""mean""",0.443392156862745
"high__agg_linear_trend__attr_""slope""__chunk_len_10__f_agg_""var""",-0.12580652528379727
"high__agg_linear_trend__attr_""slope""__chunk_len_50__f_agg_""max""",2.851999999999998
"high__agg_linear_trend__attr_""slope""__chunk_len_50__f_agg_""min""",4.206999999999999
"high__agg_linear_trend__attr_""slope""__chunk_len_50__f_agg_""mean""",3.1235600000000012
"high__agg_linear_trend__attr_""slope""__chunk_len_50__f_agg_""var""",-6.894448064000004
"high__agg_linear_trend__attr_""stderr""__chunk_len_5__f_agg_""max""",0.1364143868959515
"high__agg_linear_trend__attr_""stderr""__chunk_len_5__f_agg_""min""",0.12358834409869142
"high__agg_linear_trend__attr_""stderr""__chunk_len_5__f_agg_""mean""",0.12658483153829408
"high__agg_linear_trend__attr_""stderr""__chunk_len_5__f_agg_""var""",0.07301671255360222
"high__agg_linear_trend__attr_""stderr""__chunk_len_10__f_agg_""max""",0.4103677508830348
"high__agg_linear_trend__attr_""stderr""__chunk_len_10__f_agg_""min""",0.3226592592612975
"high__agg_linear_trend__attr_""stderr""__chunk_len_10__f_agg_""mean""",0.34646662096746506
"high__agg_linear_trend__attr_""stderr""__chunk_len_10__f_agg_""var""",0.38946148541500303
"high__agg_linear_trend__attr_""stderr""__chunk_len_50__f_agg_""max""",5.100366457422448
"high__agg_linear_trend__attr_""stderr""__chunk_len_50__f_agg_""min""",2.7561464039488173
"high__agg_linear_trend__attr_""stderr""__chunk_len_50__f_agg_""mean""",3.926968425541516
"high__agg_linear_trend__attr_""stderr""__chunk_len_50__f_agg_""var""",12.009856949817342
"high__augmented_dickey_fuller__attr_""teststat""__autolag_""AIC""",-1.740399103427426
"high__augmented_dickey_fuller__attr_""pvalue""__autolag_""AIC""",0.4104269635228628
"high__augmented_dickey_fuller__attr_""usedlag""__autolag_""AIC""",1.0
high__number_crossing_m__m_0,0.0
high__number_crossing_m__m_-1,0.0
high__number_crossing_m__m_1,0.0
high__energy_ratio_by_chunks__num_segments_10__segment_focus_0,0.07518018010802263
high__energy_ratio_by_chunks__num_segments_10__segment_focus_1,0.11998463996783587
high__energy_ratio_by_chunks__num_segments_10__segment_focus_2,0.114382191553339
high__energy_ratio_by_chunks__num_segments_10__segment_focus_3,0.10308855252393435
high__energy_ratio_by_chunks__num_segments_10__segment_focus_4,0.10202995520337874
high__energy_ratio_by_chunks__num_segments_10__segment_focus_5,0.08818499943993406
high__energy_ratio_by_chunks__num_segments_10__segment_focus_6,0.07222911250235696
high__energy_ratio_by_chunks__num_segments_10__segment_focus_7,0.06974679274277747
high__energy_ratio_by_chunks__num_segments_10__segment_focus_8,0.1006973240954437
high__energy_ratio_by_chunks__num_segments_10__segment_focus_9,0.15447625186297734
high__ratio_beyond_r_sigma__r_0.5,0.5657142857142857
high__ratio_beyond_r_sigma__r_1,0.3142857142857143
high__ratio_beyond_r_sigma__r_1.5,0.13142857142857142
high__ratio_beyond_r_sigma__r_2,0.03428571428571429
high__ratio_beyond_r_sigma__r_2.5,0.022857142857142857
high__ratio_beyond_r_sigma__r_3,0.005714285714285714
high__ratio_beyond_r_sigma__r_5,0.0
high__ratio_beyond_r_sigma__r_6,0.0
high__ratio_beyond_r_sigma__r_7,0.0
high__ratio_beyond_r_sigma__r_10,0.0
high__count_above__t_0,1.0
high__count_below__t_0,0.0
high__lempel_ziv_complexity__bins_2,0.15428571428571428
high__lempel_ziv_complexity__bins_3,0.2
high__lempel_ziv_complexity__bins_5,0.2742857142857143
high__lempel_ziv_complexity__bins_10,0.36
high__lempel_ziv_complexity__bins_100,0.6685714285714286
high__fourier_entropy__bins_2,0.06217765171742484
high__fourier_entropy__bins_3,0.12422468404864209
high__fourier_entropy__bins_5,0.17038623308278839
high__fourier_entropy__bins_10,0.24792077921867983
high__fourier_entropy__bins_100,0.6622526372762768
high__permutation_entropy__dimension_3__tau_1,1.6748313708537617
high__permutation_entropy__dimension_4__tau_1,2.849942612792479
high__permutation_entropy__dimension_5__tau_1,3.940245330984281
high__permutation_entropy__dimension_6__tau_1,4.642702923029709
high__permutation_entropy__dimension_7__tau_1,4.962744067786018
high__query_similarity_count__query_None__threshold_0.0,0.0
high__mean_n_absolute_max__number_of_maxima_7,77.60428571428572
low__variance_larger_than_standard_deviation,1.0
low__has_duplicate_max,0.0
low__has_duplicate_min,0.0
low__has_duplicate,1.0
low__sum_values,9765.18
low__abs_energy,553768.9569999999
low__mean_abs_change,1.2780459770114942
low__mean_change,0.1388505747126437
low__mean_second_derivative_central,0.005433526011560742
low__median,56.07
low__mean,55.801028571428574
low__length,175.0
low__standard_deviation,7.116126078886759
low__variation_coefficient,0.12752679047443904
low__variance,50.63925037061224
low__skewness,0.5559561693508446
low__kurtosis,0.07555764189130176
low__root_mean_square,56.2529469450268
low__absolute_sum_of_changes,222.38
low__longest_strike_below_mean,49.0
low__longest_strike_above_mean,28.0
low__count_above_mean,91.0
low__count_below_mean,84.0
low__last_location_of_maximum,0.9542857142857143
low__first_location_of_maximum,0.9485714285714286
low__last_location_of_minimum,0.03428571428571425
low__first_location_of_minimum,0.02857142857142857
low__percentage_of_reoccurring_values_to_all_values,0.09375
low__percentage_of_reoccurring_datapoints_to_all_datapoints,0.17142857142857143
low__sum_of_reoccurring_values,806.6600000000001
low__sum_of_reoccurring_data_points,1613.3200000000002
low__ratio_value_number_to_time_series_length,0.9142857142857143
low__sample_entropy,0.5826293558949743
low__maximum,75.5
low__absolute_maximum,75.5
low__minimum,42.83
low__benford_correlation,-0.24816764000393932
low__time_reversal_asymmetry_statistic__lag_1,1768.8430719537562
low__time_reversal_asymmetry_statistic__lag_2,3715.3756717192978
low__time_reversal_asymmetry_statistic__lag_3,6076.450916840237
low__c3__lag_1,181774.64197501156
low__c3__lag_2,180992.71166998247
low__c3__lag_3,180046.68752672191
low__cid_ce__normalize_True,3.310078479129098
low__cid_ce__normalize_False,23.554935788492397
low__symmetry_looking__r_0.0,0.0
low__symmetry_looking__r_0.05,1.0
low__symmetry_looking__r_0.1,1.0
low__symmetry_looking__r_0.15000000000000002,1.0
low__symmetry_looking__r_0.2,1.0
low__symmetry_looking__r_0.25,1.0
low__symmetry_looking__r_0.30000000000000004,1.0
low__symmetry_looking__r_0.35000000000000003,1.0
low__symmetry_looking__r_0.4,1.0
low__symmetry_looking__r_0.45,1.0
low__symmetry_looking__r_0.5,1.0
low__symmetry_looking__r_0.55,1.0
low__symmetry_looking__r_0.6000000000000001,1.0
low__symmetry_looking__r_0.65,1.0
low__symmetry_looking__r_0.7000000000000001,1.0
low__symmetry_looking__r_0.75,1.0
low__symmetry_looking__r_0.8,1.0
low__symmetry_looking__r_0.8500000000000001,1.0
low__symmetry_looking__r_0.9,1.0
low__symmetry_looking__r_0.9500000000000001,1.0
low__large_standard_deviation__r_0.05,1.0
low__large_standard_deviation__r_0.1,1.0
low__large_standard_deviation__r_0.15000000000000002,1.0
low__large_standard_deviation__r_0.2,1.0
low__large_standard_deviation__r_0.25,0.0
low__large_standard_deviation__r_0.30000000000000004,0.0
low__large_standard_deviation__r_0.35000000000000003,0.0
low__large_standard_deviation__r_0.4,0.0
low__large_standard_deviation__r_0.45,0.0
low__large_standard_deviation__r_0.5,0.0
low__large_standard_deviation__r_0.55,0.0
low__large_standard_deviation__r_0.6000000000000001,0.0
low__large_standard_deviation__r_0.65,0.0
low__large_standard_deviation__r_0.7000000000000001,0.0
low__large_standard_deviation__r_0.75,0.0
low__large_standard_deviation__r_0.8,0.0
low__large_standard_deviation__r_0.8500000000000001,0.0
low__large_standard_deviation__r_0.9,0.0
low__large_standard_deviation__r_0.9500000000000001,0.0
low__quantile__q_0.1,47.2
low__quantile__q_0.2,49.312
low__quantile__q_0.3,51.22
low__quantile__q_0.4,53.846000000000004
low__quantile__q_0.6,56.978
low__quantile__q_0.7,58.114
low__quantile__q_0.8,60.506
low__quantile__q_0.9,66.416
low__autocorrelation__lag_0,1.0
low__autocorrelation__lag_1,0.957583337300847
low__autocorrelation__lag_2,0.9076763768744764
low__autocorrelation__lag_3,0.8590096209738893
low__autocorrelation__lag_4,0.805867577258268
low__autocorrelation__lag_5,0.7449123301189886
low__autocorrelation__lag_6,0.6845817225490886
low__autocorrelation__lag_7,0.617114971537811
low__autocorrelation__lag_8,0.5494356876033433
low__autocorrelation__lag_9,0.49765814435983935
"low__agg_autocorrelation__f_agg_""mean""__maxlag_40",0.08636903528500457
"low__agg_autocorrelation__f_agg_""median""__maxlag_40",-0.021283497592455885
"low__agg_autocorrelation__f_agg_""var""__maxlag_40",0.18295861236987682
low__partial_autocorrelation__lag_0,1.0
low__partial_autocorrelation__lag_1,0.9575833373008465
low__partial_autocorrelation__lag_2,-0.11187530388584357
low__partial_autocorrelation__lag_3,-0.003360333687165319
low__partial_autocorrelation__lag_4,-0.08404926836690325
low__partial_autocorrelation__lag_5,-0.11534696534971212
low__partial_autocorrelation__lag_6,-0.01498618305625449
low__partial_autocorrelation__lag_7,-0.12902162175687315
low__partial_autocorrelation__lag_8,-0.021757855209581338
low__partial_autocorrelation__lag_9,0.15614566297751378
low__number_cwt_peaks__n_1,18.0
low__number_cwt_peaks__n_5,19.0
low__number_peaks__n_1,39.0
low__number_peaks__n_3,15.0
low__number_peaks__n_5,10.0
low__number_peaks__n_10,5.0
low__number_peaks__n_50,0.0
low__binned_entropy__max_bins_10,2.078073888777587
low__index_mass_quantile__q_0.1,0.12
low__index_mass_quantile__q_0.2,0.21142857142857144
low__index_mass_quantile__q_0.3,0.3028571428571429
low__index_mass_quantile__q_0.4,0.4057142857142857
low__index_mass_quantile__q_0.6,0.6057142857142858
low__index_mass_quantile__q_0.7,0.7142857142857143
low__index_mass_quantile__q_0.8,0.8342857142857143
low__index_mass_quantile__q_0.9,0.9257142857142857
"low__cwt_coefficients__coeff_0__w_2__widths_(2, 5, 10, 20)",0.35130427590873503
"low__cwt_coefficients__coeff_0__w_5__widths_(2, 5, 10, 20)",-3.1765778962390048
"low__cwt_coefficients__coeff_0__w_10__widths_(2, 5, 10, 20)",-22.100080444716117
"low__cwt_coefficients__coeff_0__w_20__widths_(2, 5, 10, 20)",-29.951112346647022
"low__cwt_coefficients__coeff_1__w_2__widths_(2, 5, 10, 20)",24.859289099728805
"low__cwt_coefficients__coeff_1__w_5__widths_(2, 5, 10, 20)",12.313578630699158
"low__cwt_coefficients__coeff_1__w_10__widths_(2, 5, 10, 20)",-10.936934463060084
"low__cwt_coefficients__coeff_1__w_20__widths_(2, 5, 10, 20)",-19.714986141498876
"low__cwt_coefficients__coeff_2__w_2__widths_(2, 5, 10, 20)",34.09057750252328
"low__cwt_coefficients__coeff_2__w_5__widths_(2, 5, 10, 20)",25.70528889219577
"low__cwt_coefficients__coeff_2__w_10__widths_(2, 5, 10, 20)",-0.3553361535736111
"low__cwt_coefficients__coeff_2__w_20__widths_(2, 5, 10, 20)",-9.242692927573476
"low__cwt_coefficients__coeff_3__w_2__widths_(2, 5, 10, 20)",26.899634852976842
"low__cwt_coefficients__coeff_3__w_5__widths_(2, 5, 10, 20)",35.69736808840774
"low__cwt_coefficients__coeff_3__w_10__widths_(2, 5, 10, 20)",10.420180364136034
"low__cwt_coefficients__coeff_3__w_20__widths_(2, 5, 10, 20)",0.6654259163095296
"low__cwt_coefficients__coeff_4__w_2__widths_(2, 5, 10, 20)",13.296672167634112
"low__cwt_coefficients__coeff_4__w_5__widths_(2, 5, 10, 20)",41.01610473911683
"low__cwt_coefficients__coeff_4__w_10__widths_(2, 5, 10, 20)",20.1642105240843
"low__cwt_coefficients__coeff_4__w_20__widths_(2, 5, 10, 20)",11.182175855600443
"low__cwt_coefficients__coeff_5__w_2__widths_(2, 5, 10, 20)",2.4816583336104348
"low__cwt_coefficients__coeff_5__w_5__widths_(2, 5, 10, 20)",41.875575410637424
"low__cwt_coefficients__coeff_5__w_10__widths_(2, 5, 10, 20)",29.547620564971037
"low__cwt_coefficients__coeff_5__w_20__widths_(2, 5, 10, 20)",21.546854269471055
"low__cwt_coefficients__coeff_6__w_2__widths_(2, 5, 10, 20)",-2.348018045533331
"low__cwt_coefficients__coeff_6__w_5__widths_(2, 5, 10, 20)",38.95409718493016
"low__cwt_coefficients__coeff_6__w_10__widths_(2, 5, 10, 20)",37.92960712602699
"low__cwt_coefficients__coeff_6__w_20__widths_(2, 5, 10, 20)",31.74188774767116
"low__cwt_coefficients__coeff_7__w_2__widths_(2, 5, 10, 20)",-2.3268545884973193
"low__cwt_coefficients__coeff_7__w_5__widths_(2, 5, 10, 20)",33.233309035892695
"low__cwt_coefficients__coeff_7__w_10__widths_(2, 5, 10, 20)",45.02344231035293
"low__cwt_coefficients__coeff_7__w_20__widths_(2, 5, 10, 20)",41.86463670740449
"low__cwt_coefficients__coeff_8__w_2__widths_(2, 5, 10, 20)",-0.6080806255108342
"low__cwt_coefficients__coeff_8__w_5__widths_(2, 5, 10, 20)",25.976368350616518
"low__cwt_coefficients__coeff_8__w_10__widths_(2, 5, 10, 20)",51.28219152518726
"low__cwt_coefficients__coeff_8__w_20__widths_(2, 5, 10, 20)",51.19537072938513
"low__cwt_coefficients__coeff_9__w_2__widths_(2, 5, 10, 20)",-0.1737300333258646
"low__cwt_coefficients__coeff_9__w_5__widths_(2, 5, 10, 20)",18.23595543903373
"low__cwt_coefficients__coeff_9__w_10__widths_(2, 5, 10, 20)",56.20384464035874
"low__cwt_coefficients__coeff_9__w_20__widths_(2, 5, 10, 20)",60.702192713787404
"low__cwt_coefficients__coeff_10__w_2__widths_(2, 5, 10, 20)",-1.2899993367925942
"low__cwt_coefficients__coeff_10__w_5__widths_(2, 5, 10, 20)",11.277919869900323
"low__cwt_coefficients__coeff_10__w_10__widths_(2, 5, 10, 20)",60.11264713953589
"low__cwt_coefficients__coeff_10__w_20__widths_(2, 5, 10, 20)",69.72190852939713
"low__cwt_coefficients__coeff_11__w_2__widths_(2, 5, 10, 20)",-1.6230518854316578
"low__cwt_coefficients__coeff_11__w_5__widths_(2, 5, 10, 20)",5.586298952421704
"low__cwt_coefficients__coeff_11__w_10__widths_(2, 5, 10, 20)",62.88913992169136
"low__cwt_coefficients__coeff_11__w_20__widths_(2, 5, 10, 20)",78.24803829911046
"low__cwt_coefficients__coeff_12__w_2__widths_(2, 5, 10, 20)",0.08349272661004686
"low__cwt_coefficients__coeff_12__w_5__widths_(2, 5, 10, 20)",1.5778633797549704
"low__cwt_coefficients__coeff_12__w_10__widths_(2, 5, 10, 20)",64.82825306972546
"low__cwt_coefficients__coeff_12__w_20__widths_(2, 5, 10, 20)",86.39586210033126
"low__cwt_coefficients__coeff_13__w_2__widths_(2, 5, 10, 20)",1.742465667404185
"low__cwt_coefficients__coeff_13__w_5__widths_(2, 5, 10, 20)",-0.5109161007078677
"low__cwt_coefficients__coeff_13__w_10__widths_(2, 5, 10, 20)",65.79236999271751
"low__cwt_coefficients__coeff_13__w_20__widths_(2, 5, 10, 20)",93.73048882240374
"low__cwt_coefficients__coeff_14__w_2__widths_(2, 5, 10, 20)",0.4759376574698886
"low__cwt_coefficients__coeff_14__w_5__widths_(2, 5, 10, 20)",-0.707734336611109
"low__cwt_coefficients__coeff_14__w_10__widths_(2, 5, 10, 20)",66.09451069361519
"low__cwt_coefficients__coeff_14__w_20__widths_(2, 5, 10, 20)",100.77098079086448
low__spkt_welch_density__coeff_2,521.0981933370994
low__spkt_welch_density__coeff_5,19.92916774314842
low__spkt_welch_density__coeff_8,30.3432216226033
low__ar_coefficient__coeff_0__k_10,2.6420518658825967
low__ar_coefficient__coeff_1__k_10,1.16914656692368
low__ar_coefficient__coeff_2__k_10,-0.2673506032952607
low__ar_coefficient__coeff_3__k_10,0.10505109408481307
low__ar_coefficient__coeff_4__k_10,0.03488985929794953
low__ar_coefficient__coeff_5__k_10,-0.139099208162703
low__ar_coefficient__coeff_6__k_10,0.12275294710138537
low__ar_coefficient__coeff_7__k_10,-0.028825702851188406
low__ar_coefficient__coeff_8__k_10,-0.19681110490595607
low__ar_coefficient__coeff_9__k_10,0.33604840133811825
low__ar_coefficient__coeff_10__k_10,-0.18135413706035705
"low__change_quantiles__f_agg_""mean""__isabs_False__qh_0.2__ql_0.0",-0.0644827586206898
"low__change_quantiles__f_agg_""var""__isabs_False__qh_0.2__ql_0.0",2.2181626634958387
"low__change_quantiles__f_agg_""mean""__isabs_True__qh_0.2__ql_0.0",1.1010344827586214
"low__change_quantiles__f_agg_""var""__isabs_True__qh_0.2__ql_0.0",1.0100437574316279
"low__change_quantiles__f_agg_""mean""__isabs_False__qh_0.4__ql_0.0",0.06203124999999987
"low__change_quantiles__f_agg_""var""__isabs_False__qh_0.4__ql_0.0",2.1887224365234363
"low__change_quantiles__f_agg_""mean""__isabs_True__qh_0.4__ql_0.0",1.0470312500000003
"low__change_quantiles__f_agg_""var""__isabs_True__qh_0.4__ql_0.0",1.0962958740234359
"low__change_quantiles__f_agg_""mean""__isabs_False__qh_0.6__ql_0.0",0.06937499999999996
"low__change_quantiles__f_agg_""var""__isabs_False__qh_0.6__ql_0.0",2.0269266927083325
"low__change_quantiles__f_agg_""mean""__isabs_True__qh_0.6__ql_0.0",1.028125
"low__change_quantiles__f_agg_""var""__isabs_True__qh_0.6__ql_0.0",0.9746985677083329
"low__change_quantiles__f_agg_""mean""__isabs_False__qh_0.8__ql_0.0",0.1097080291970803
"low__change_quantiles__f_agg_""var""__isabs_False__qh_0.8__ql_0.0",2.6059911556289617
"low__change_quantiles__f_agg_""mean""__isabs_True__qh_0.8__ql_0.0",1.1451824817518248
"low__change_quantiles__f_agg_""var""__isabs_True__qh_0.8__ql_0.0",1.306584090788001
"low__change_quantiles__f_agg_""mean""__isabs_False__qh_1.0__ql_0.0",0.1388505747126437
"low__change_quantiles__f_agg_""var""__isabs_False__qh_1.0__ql_0.0",3.1694274144536925
"low__change_quantiles__f_agg_""mean""__isabs_True__qh_1.0__ql_0.0",1.2780459770114942
"low__change_quantiles__f_agg_""var""__isabs_True__qh_1.0__ql_0.0",1.555305377196459
"low__change_quantiles__f_agg_""mean""__isabs_False__qh_0.4__ql_0.2",-0.1779166666666668
"low__change_quantiles__f_agg_""var""__isabs_False__qh_0.4__ql_0.2",0.5103248263888874
"low__change_quantiles__f_agg_""mean""__isabs_True__qh_0.4__ql_0.2",0.5779166666666665
"low__change_quantiles__f_agg_""var""__isabs_True__qh_0.4__ql_0.2",0.20799149305555428
"low__change_quantiles__f_agg_""mean""__isabs_False__qh_0.6__ql_0.2",-0.028214285714285685
"low__change_quantiles__f_agg_""var""__isabs_False__qh_0.6__ql_0.2",1.208668239795918
"low__change_quantiles__f_agg_""mean""__isabs_True__qh_0.6__ql_0.2",0.8135714285714284
"low__change_quantiles__f_agg_""var""__isabs_True__qh_0.6__ql_0.2",0.5475658163265306
"low__change_quantiles__f_agg_""mean""__isabs_False__qh_0.8__ql_0.2",0.07000000000000006
"low__change_quantiles__f_agg_""var""__isabs_False__qh_0.8__ql_0.2",2.380179381443298
"low__change_quantiles__f_agg_""mean""__isabs_True__qh_0.8__ql_0.2",1.069587628865979
"low__change_quantiles__f_agg_""var""__isabs_True__qh_0.8__ql_0.2",1.241061685620151
"low__change_quantiles__f_agg_""mean""__isabs_False__qh_1.0__ql_0.2",0.1188059701492538
"low__change_quantiles__f_agg_""var""__isabs_False__qh_1.0__ql_0.2",3.1763179772777903
"low__change_quantiles__f_agg_""mean""__isabs_True__qh_1.0__ql_0.2",1.2629850746268658
"low__change_quantiles__f_agg_""var""__isabs_True__qh_1.0__ql_0.2",1.595301537090666
"low__change_quantiles__f_agg_""mean""__isabs_False__qh_0.6__ql_0.4",0.014347826086956757
"low__change_quantiles__f_agg_""var""__isabs_False__qh_0.6__ql_0.4",0.7929810964083169
"low__change_quantiles__f_agg_""mean""__isabs_True__qh_0.6__ql_0.4",0.723043478260869
"low__change_quantiles__f_agg_""var""__isabs_True__qh_0.6__ql_0.4",0.2703950850661627
"low__change_quantiles__f_agg_""mean""__isabs_False__qh_0.8__ql_0.4",0.00274193548387111
"low__change_quantiles__f_agg_""var""__isabs_False__qh_0.8__ql_0.4",2.3409779656607688
"low__change_quantiles__f_agg_""mean""__isabs_True__qh_0.8__ql_0.4",1.069193548387096
"low__change_quantiles__f_agg_""var""__isabs_True__qh_0.8__ql_0.4",1.1978106399583768
"low__change_quantiles__f_agg_""mean""__isabs_False__qh_1.0__ql_0.4",0.09393939393939406
"low__change_quantiles__f_agg_""var""__isabs_False__qh_1.0__ql_0.4",3.4387147842056938
"low__change_quantiles__f_agg_""mean""__isabs_True__qh_1.0__ql_0.4",1.3311111111111111
"low__change_quantiles__f_agg_""var""__isabs_True__qh_1.0__ql_0.4",1.675682603815937
"low__change_quantiles__f_agg_""mean""__isabs_False__qh_0.8__ql_0.6",-0.03749999999999994
"low__change_quantiles__f_agg_""var""__isabs_False__qh_0.8__ql_0.6",1.1368770833333328
"low__change_quantiles__f_agg_""mean""__isabs_True__qh_0.8__ql_0.6",0.7883333333333326
"low__change_quantiles__f_agg_""var""__isabs_True__qh_0.8__ql_0.6",0.5168138888888896
"low__change_quantiles__f_agg_""mean""__isabs_False__qh_1.0__ql_0.6",0.1349180327868853
"low__change_quantiles__f_agg_""var""__isabs_False__qh_1.0__ql_0.6",3.6454708949207206
"low__change_quantiles__f_agg_""mean""__isabs_True__qh_1.0__ql_0.6",1.383770491803279
"low__change_quantiles__f_agg_""var""__isabs_True__qh_1.0__ql_0.6",1.7488529965063158
"low__change_quantiles__f_agg_""mean""__isabs_False__qh_1.0__ql_0.8",0.1515625000000005
"low__change_quantiles__f_agg_""var""__isabs_False__qh_1.0__ql_0.8",5.051794433593751
"low__change_quantiles__f_agg_""mean""__isabs_True__qh_1.0__ql_0.8",1.6765625000000008
"low__change_quantiles__f_agg_""var""__isabs_True__qh_1.0__ql_0.8",2.2639038085937484
"low__fft_coefficient__attr_""real""__coeff_0",9765.18
"low__fft_coefficient__attr_""real""__coeff_1",209.0595005664944
"low__fft_coefficient__attr_""real""__coeff_2",195.27448957808005
"low__fft_coefficient__attr_""real""__coeff_3",-129.1646367474051
"low__fft_coefficient__attr_""real""__coeff_4",-117.72027662984212
"low__fft_coefficient__attr_""real""__coeff_5",-89.49517079691631
"low__fft_coefficient__attr_""real""__coeff_6",-120.00469144553844
"low__fft_coefficient__attr_""real""__coeff_7",-23.566528400471675
"low__fft_coefficient__attr_""real""__coeff_8",81.82655651213994
"low__fft_coefficient__attr_""real""__coeff_9",63.578495541161885
"low__fft_coefficient__attr_""real""__coeff_10",-50.3221098581734
"low__fft_coefficient__attr_""real""__coeff_11",-49.08608233157663
"low__fft_coefficient__attr_""real""__coeff_12",-107.67472811028513
"low__fft_coefficient__attr_""real""__coeff_13",-50.08660469070097
"low__fft_coefficient__attr_""real""__coeff_14",-14.398703802093308
"low__fft_coefficient__attr_""real""__coeff_15",4.4522718184839185
"low__fft_coefficient__attr_""real""__coeff_16",-5.235293359960792
"low__fft_coefficient__attr_""real""__coeff_17",-14.757180543850012
"low__fft_coefficient__attr_""real""__coeff_18",17.236449601067047
"low__fft_coefficient__attr_""real""__coeff_19",4.864375159624251
"low__fft_coefficient__attr_""real""__coeff_20",15.715540611780797
"low__fft_coefficient__attr_""real""__coeff_21",-12.310050427533373
"low__fft_coefficient__attr_""real""__coeff_22",-1.9148614642141366
"low__fft_coefficient__attr_""real""__coeff_23",-10.820924349405614
"low__fft_coefficient__attr_""real""__coeff_24",-8.345744237323256
"low__fft_coefficient__attr_""real""__coeff_25",-19.019682412455193
"low__fft_coefficient__attr_""real""__coeff_26",13.318972310198415
"low__fft_coefficient__attr_""real""__coeff_27",9.62618882252795
"low__fft_coefficient__attr_""real""__coeff_28",1.751366144785111
"low__fft_coefficient__attr_""real""__coeff_29",-29.505643830902
"low__fft_coefficient__attr_""real""__coeff_30",-38.789791845553694
"low__fft_coefficient__attr_""real""__coeff_31",-42.74413481456088
"low__fft_coefficient__attr_""real""__coeff_32",-23.36428452863191
"low__fft_coefficient__attr_""real""__coeff_33",-13.958484849222
"low__fft_coefficient__attr_""real""__coeff_34",-32.216061641276866
"low__fft_coefficient__attr_""real""__coeff_35",-8.368221726118918
"low__fft_coefficient__attr_""real""__coeff_36",-3.4101596572592108
"low__fft_coefficient__attr_""real""__coeff_37",-5.7179993214093265
"low__fft_coefficient__attr_""real""__coeff_38",-16.244429596819902
"low__fft_coefficient__attr_""real""__coeff_39",-4.5016445384426085
"low__fft_coefficient__attr_""real""__coeff_40",-19.607951066427944
"low__fft_coefficient__attr_""real""__coeff_41",14.02550351579276
"low__fft_coefficient__attr_""real""__coeff_42",12.596952418215587
"low__fft_coefficient__attr_""real""__coeff_43",-4.738786264191432
"low__fft_coefficient__attr_""real""__coeff_44",-23.351816497477135
"low__fft_coefficient__attr_""real""__coeff_45",-20.77974749277354
"low__fft_coefficient__attr_""real""__coeff_46",-8.986957384746152
"low__fft_coefficient__attr_""real""__coeff_47",-4.567314997279661
"low__fft_coefficient__attr_""real""__coeff_48",-17.645772566741694
"low__fft_coefficient__attr_""real""__coeff_49",-27.827549088724584
"low__fft_coefficient__attr_""real""__coeff_50",-7.5657438203297165
"low__fft_coefficient__attr_""real""__coeff_51",-21.35352732461933
"low__fft_coefficient__attr_""real""__coeff_52",-9.953889171313978
"low__fft_coefficient__attr_""real""__coeff_53",-16.601933470767612
"low__fft_coefficient__attr_""real""__coeff_54",-4.770357995717436
"low__fft_coefficient__attr_""real""__coeff_55",-9.004129574246594
"low__fft_coefficient__attr_""real""__coeff_56",-9.630412854065344
"low__fft_coefficient__attr_""real""__coeff_57",-0.27792293356840947
"low__fft_coefficient__attr_""real""__coeff_58",1.1688931954160569
"low__fft_coefficient__attr_""real""__coeff_59",-11.41763989816269
"low__fft_coefficient__attr_""real""__coeff_60",-20.033560947331964
"low__fft_coefficient__attr_""real""__coeff_61",-17.026951941568797
"low__fft_coefficient__attr_""real""__coeff_62",-25.42709398643709
"low__fft_coefficient__attr_""real""__coeff_63",-0.6815529340049133
"low__fft_coefficient__attr_""real""__coeff_64",-9.764406010285404
"low__fft_coefficient__attr_""real""__coeff_65",-9.845314409210351
"low__fft_coefficient__attr_""real""__coeff_66",-13.798869146888737
"low__fft_coefficient__attr_""real""__coeff_67",-3.1928521786500133
"low__fft_coefficient__attr_""real""__coeff_68",-14.462278993295458
"low__fft_coefficient__attr_""real""__coeff_69",-12.224641204238335
"low__fft_coefficient__attr_""real""__coeff_70",-7.596778273881
"low__fft_coefficient__attr_""real""__coeff_71",-17.175836667532234
"low__fft_coefficient__attr_""real""__coeff_72",-10.728215521561188
"low__fft_coefficient__attr_""real""__coeff_73",-5.549297136765017
"low__fft_coefficient__attr_""real""__coeff_74",-2.891258699403103
"low__fft_coefficient__attr_""real""__coeff_75",-5.599573767215022
"low__fft_coefficient__attr_""real""__coeff_76",-7.695708619704229
"low__fft_coefficient__attr_""real""__coeff_77",-16.502299539244678
"low__fft_coefficient__attr_""real""__coeff_78",-22.884531109441053
"low__fft_coefficient__attr_""real""__coeff_79",-33.17497373831931
"low__fft_coefficient__attr_""real""__coeff_80",-26.079129295137747
"low__fft_coefficient__attr_""real""__coeff_81",-13.728064464176619
"low__fft_coefficient__attr_""real""__coeff_82",-2.6613098242898583
"low__fft_coefficient__attr_""real""__coeff_83",-10.838216566816563
"low__fft_coefficient__attr_""real""__coeff_84",-14.056221516861736
"low__fft_coefficient__attr_""real""__coeff_85",-8.050907144493145
"low__fft_coefficient__attr_""real""__coeff_86",-13.593491888150314
"low__fft_coefficient__attr_""real""__coeff_87",-6.246641911765445
"low__fft_coefficient__attr_""real""__coeff_88",0.0
"low__fft_coefficient__attr_""real""__coeff_89",0.0
"low__fft_coefficient__attr_""real""__coeff_90",0.0
"low__fft_coefficient__attr_""real""__coeff_91",0.0
"low__fft_coefficient__attr_""real""__coeff_92",0.0
"low__fft_coefficient__attr_""real""__coeff_93",0.0
"low__fft_coefficient__attr_""real""__coeff_94",0.0
"low__fft_coefficient__attr_""real""__coeff_95",0.0
"low__fft_coefficient__attr_""real""__coeff_96",0.0
"low__fft_coefficient__attr_""real""__coeff_97",0.0
"low__fft_coefficient__attr_""real""__coeff_98",0.0
"low__fft_coefficient__attr_""real""__coeff_99",0.0
"low__fft_coefficient__attr_""imag""__coeff_0",0.0
"low__fft_coefficient__attr_""imag""__coeff_1",-258.65558197135135
"low__fft_coefficient__attr_""imag""__coeff_2",269.8531689727175
"low__fft_coefficient__attr_""imag""__coeff_3",377.56437699843843
"low__fft_coefficient__attr_""imag""__coeff_4",349.8394692167965
"low__fft_coefficient__attr_""imag""__coeff_5",210.57822172853707
"low__fft_coefficient__attr_""imag""__coeff_6",155.06096935172422
"low__fft_coefficient__attr_""imag""__coeff_7",204.13907742495425
"low__fft_coefficient__attr_""imag""__coeff_8",149.93200931755365
"low__fft_coefficient__attr_""imag""__coeff_9",70.36634510430379
"low__fft_coefficient__attr_""imag""__coeff_10",42.54178863039107
"low__fft_coefficient__attr_""imag""__coeff_11",-8.907526228830367
"low__fft_coefficient__attr_""imag""__coeff_12",98.22919087425018
"low__fft_coefficient__attr_""imag""__coeff_13",76.11100696417802
"low__fft_coefficient__attr_""imag""__coeff_14",55.023593058041655
"low__fft_coefficient__attr_""imag""__coeff_15",30.90534575788006
"low__fft_coefficient__attr_""imag""__coeff_16",54.4722064657479
"low__fft_coefficient__attr_""imag""__coeff_17",-12.867744743364353
"low__fft_coefficient__attr_""imag""__coeff_18",-28.01451717962676
"low__fft_coefficient__attr_""imag""__coeff_19",-5.954230317176875
"low__fft_coefficient__attr_""imag""__coeff_20",19.91522389746536
"low__fft_coefficient__attr_""imag""__coeff_21",32.31846166550226
"low__fft_coefficient__attr_""imag""__coeff_22",59.00052054088925
"low__fft_coefficient__attr_""imag""__coeff_23",24.59350493480067
"low__fft_coefficient__attr_""imag""__coeff_24",13.751531091263466
"low__fft_coefficient__attr_""imag""__coeff_25",49.959151534622485
"low__fft_coefficient__attr_""imag""__coeff_26",48.072580511295484
"low__fft_coefficient__attr_""imag""__coeff_27",22.03290070264984
"low__fft_coefficient__attr_""imag""__coeff_28",21.696679303872877
"low__fft_coefficient__attr_""imag""__coeff_29",3.9632869814657568
"low__fft_coefficient__attr_""imag""__coeff_30",-3.5246874315726178
"low__fft_coefficient__attr_""imag""__coeff_31",-7.460952943017171
"low__fft_coefficient__attr_""imag""__coeff_32",-1.3005805157785275
"low__fft_coefficient__attr_""imag""__coeff_33",24.267343126258567
"low__fft_coefficient__attr_""imag""__coeff_34",41.411819954856
"low__fft_coefficient__attr_""imag""__coeff_35",15.197628586408115
"low__fft_coefficient__attr_""imag""__coeff_36",8.391097612245787
"low__fft_coefficient__attr_""imag""__coeff_37",23.667845411085437
"low__fft_coefficient__attr_""imag""__coeff_38",35.794164331282026
"low__fft_coefficient__attr_""imag""__coeff_39",13.775479742566594
"low__fft_coefficient__attr_""imag""__coeff_40",30.583882646785668
"low__fft_coefficient__attr_""imag""__coeff_41",25.07438176116402
"low__fft_coefficient__attr_""imag""__coeff_42",12.66850882793053
"low__fft_coefficient__attr_""imag""__coeff_43",-5.587450760157383
"low__fft_coefficient__attr_""imag""__coeff_44",20.01332453830173
"low__fft_coefficient__attr_""imag""__coeff_45",0.4931963071380778
"low__fft_coefficient__attr_""imag""__coeff_46",23.38634729023522
"low__fft_coefficient__attr_""imag""__coeff_47",11.377447032429693
"low__fft_coefficient__attr_""imag""__coeff_48",17.951919681349032
"low__fft_coefficient__attr_""imag""__coeff_49",-8.191549102976177
"low__fft_coefficient__attr_""imag""__coeff_50",-9.526548955981108
"low__fft_coefficient__attr_""imag""__coeff_51",6.775719065844965
"low__fft_coefficient__attr_""imag""__coeff_52",3.4786371342420814
"low__fft_coefficient__attr_""imag""__coeff_53",5.876314922735282
"low__fft_coefficient__attr_""imag""__coeff_54",10.718063248056717
"low__fft_coefficient__attr_""imag""__coeff_55",27.374787602316513
"low__fft_coefficient__attr_""imag""__coeff_56",33.39375126563739
"low__fft_coefficient__attr_""imag""__coeff_57",35.67446844788684
"low__fft_coefficient__attr_""imag""__coeff_58",9.284374520060197
"low__fft_coefficient__attr_""imag""__coeff_59",5.649971231794767
"low__fft_coefficient__attr_""imag""__coeff_60",7.0872218762573365
"low__fft_coefficient__attr_""imag""__coeff_61",7.758603446018032
"low__fft_coefficient__attr_""imag""__coeff_62",-8.85458508575063
"low__fft_coefficient__attr_""imag""__coeff_63",9.284726200705116
"low__fft_coefficient__attr_""imag""__coeff_64",7.100214271153979
"low__fft_coefficient__attr_""imag""__coeff_65",5.181272084153956
"low__fft_coefficient__attr_""imag""__coeff_66",7.928290730489062
"low__fft_coefficient__attr_""imag""__coeff_67",0.14911280513659175
"low__fft_coefficient__attr_""imag""__coeff_68",9.831485492396723
"low__fft_coefficient__attr_""imag""__coeff_69",-5.183623613054387
"low__fft_coefficient__attr_""imag""__coeff_70",-2.6860212861399324
"low__fft_coefficient__attr_""imag""__coeff_71",2.3589712727543315
"low__fft_coefficient__attr_""imag""__coeff_72",3.637987018695924
"low__fft_coefficient__attr_""imag""__coeff_73",3.1352803643852196
"low__fft_coefficient__attr_""imag""__coeff_74",10.604277789129805
"low__fft_coefficient__attr_""imag""__coeff_75",5.918776725803826
"low__fft_coefficient__attr_""imag""__coeff_76",7.214431857121886
"low__fft_coefficient__attr_""imag""__coeff_77",-1.2429187367727152
"low__fft_coefficient__attr_""imag""__coeff_78",-4.836542088090811
"low__fft_coefficient__attr_""imag""__coeff_79",13.851657183904685
"low__fft_coefficient__attr_""imag""__coeff_80",13.217069579903063
"low__fft_coefficient__attr_""imag""__coeff_81",2.661068689613444
"low__fft_coefficient__attr_""imag""__coeff_82",2.286309814257816
"low__fft_coefficient__attr_""imag""__coeff_83",1.4004186349480428
"low__fft_coefficient__attr_""imag""__coeff_84",8.16347591425012
"low__fft_coefficient__attr_""imag""__coeff_85",3.9156038804466498
"low__fft_coefficient__attr_""imag""__coeff_86",0.6466686312731333
"low__fft_coefficient__attr_""imag""__coeff_87",4.5414765136836115
"low__fft_coefficient__attr_""imag""__coeff_88",0.0
"low__fft_coefficient__attr_""imag""__coeff_89",0.0
"low__fft_coefficient__attr_""imag""__coeff_90",0.0
"low__fft_coefficient__attr_""imag""__coeff_91",0.0
"low__fft_coefficient__attr_""imag""__coeff_92",0.0
"low__fft_coefficient__attr_""imag""__coeff_93",0.0
"low__fft_coefficient__attr_""imag""__coeff_94",0.0
"low__fft_coefficient__attr_""imag""__coeff_95",0.0
"low__fft_coefficient__attr_""imag""__coeff_96",0.0
"low__fft_coefficient__attr_""imag""__coeff_97",0.0
"low__fft_coefficient__attr_""imag""__coeff_98",0.0
"low__fft_coefficient__attr_""imag""__coeff_99",0.0
"low__fft_coefficient__attr_""abs""__coeff_0",9765.18
"low__fft_coefficient__attr_""abs""__coeff_1",332.5786897292887
"low__fft_coefficient__attr_""abs""__coeff_2",333.09587071081756
"low__fft_coefficient__attr_""abs""__coeff_3",399.046817008115
"low__fft_coefficient__attr_""abs""__coeff_4",369.1147758512201
"low__fft_coefficient__attr_""abs""__coeff_5",228.8068466246632
"low__fft_coefficient__attr_""abs""__coeff_6",196.0740426095082
"low__fft_coefficient__attr_""abs""__coeff_7",205.49487631754158
"low__fft_coefficient__attr_""abs""__coeff_8",170.80747281261858
"low__fft_coefficient__attr_""abs""__coeff_9",94.83484390568437
"low__fft_coefficient__attr_""abs""__coeff_10",65.89475336057448
"low__fft_coefficient__attr_""abs""__coeff_11",49.88774901896877
"low__fft_coefficient__attr_""abs""__coeff_12",145.749171570317
"low__fft_coefficient__attr_""abs""__coeff_13",91.1128605112566
"low__fft_coefficient__attr_""abs""__coeff_14",56.876343625424674
"low__fft_coefficient__attr_""abs""__coeff_15",31.22439944594261
"low__fft_coefficient__attr_""abs""__coeff_16",54.72320873095725
"low__fft_coefficient__attr_""abs""__coeff_17",19.579408376765787
"low__fft_coefficient__attr_""abs""__coeff_18",32.89237552469763
"low__fft_coefficient__attr_""abs""__coeff_19",7.688628249795777
"low__fft_coefficient__attr_""abs""__coeff_20",25.36916158659381
"low__fft_coefficient__attr_""abs""__coeff_21",34.58352651123008
"low__fft_coefficient__attr_""abs""__coeff_22",59.031585770018296
"low__fft_coefficient__attr_""abs""__coeff_23",26.868808845083255
"low__fft_coefficient__attr_""abs""__coeff_24",16.08589612762684
"low__fft_coefficient__attr_""abs""__coeff_25",53.457133678584285
"low__fft_coefficient__attr_""abs""__coeff_26",49.883544585512546
"low__fft_coefficient__attr_""abs""__coeff_27",24.043964411464884
"low__fft_coefficient__attr_""abs""__coeff_28",21.76725008328349
"low__fft_coefficient__attr_""abs""__coeff_29",29.770634215170848
"low__fft_coefficient__attr_""abs""__coeff_30",38.94960042043653
"low__fft_coefficient__attr_""abs""__coeff_31",43.39040078016418
"low__fft_coefficient__attr_""abs""__coeff_32",23.40045514969508
"low__fft_coefficient__attr_""abs""__coeff_33",27.995414654788185
"low__fft_coefficient__attr_""abs""__coeff_34",52.46726083614391
"low__fft_coefficient__attr_""abs""__coeff_35",17.349208901500315
"low__fft_coefficient__attr_""abs""__coeff_36",9.057577381741499
"low__fft_coefficient__attr_""abs""__coeff_37",24.348766347449217
"low__fft_coefficient__attr_""abs""__coeff_38",39.30780702482474
"low__fft_coefficient__attr_""abs""__coeff_39",14.492365082634123
"low__fft_coefficient__attr_""abs""__coeff_40",36.32967964042334
"low__fft_coefficient__attr_""abs""__coeff_41",28.73046065722076
"low__fft_coefficient__attr_""abs""__coeff_42",17.865450628241685
"low__fft_coefficient__attr_""abs""__coeff_43",7.32637026465853
"low__fft_coefficient__attr_""abs""__coeff_44",30.75451987606432
"low__fft_coefficient__attr_""abs""__coeff_45",20.785599545377636
"low__fft_coefficient__attr_""abs""__coeff_46",25.053675231684785
"low__fft_coefficient__attr_""abs""__coeff_47",12.259961959978463
"low__fft_coefficient__attr_""abs""__coeff_48",25.172300445584636
"low__fft_coefficient__attr_""abs""__coeff_49",29.00817065917543
"low__fft_coefficient__attr_""abs""__coeff_50",12.165344819016108
"low__fft_coefficient__attr_""abs""__coeff_51",22.402756483578514
"low__fft_coefficient__attr_""abs""__coeff_52",10.544231880347171
"low__fft_coefficient__attr_""abs""__coeff_53",17.611225739253793
"low__fft_coefficient__attr_""abs""__coeff_54",11.731717487079603
"low__fft_coefficient__attr_""abs""__coeff_55",28.81758743652501
"low__fft_coefficient__attr_""abs""__coeff_56",34.75467558949452
"low__fft_coefficient__attr_""abs""__coeff_57",35.67555101461331
"low__fft_coefficient__attr_""abs""__coeff_58",9.35766645756478
"low__fft_coefficient__attr_""abs""__coeff_59",12.739100272948047
"low__fft_coefficient__attr_""abs""__coeff_60",21.250230072960736
"low__fft_coefficient__attr_""abs""__coeff_61",18.711307272690927
"low__fft_coefficient__attr_""abs""__coeff_62",26.924724430082893
"low__fft_coefficient__attr_""abs""__coeff_63",9.309707569194146
"low__fft_coefficient__attr_""abs""__coeff_64",12.072972601227766
"low__fft_coefficient__attr_""abs""__coeff_65",11.125457124371925
"low__fft_coefficient__attr_""abs""__coeff_66",15.91435149920086
"low__fft_coefficient__attr_""abs""__coeff_67",3.196332220431074
"low__fft_coefficient__attr_""abs""__coeff_68",17.487584757968218
"low__fft_coefficient__attr_""abs""__coeff_69",13.278245604528362
"low__fft_coefficient__attr_""abs""__coeff_70",8.057651673540326
"low__fft_coefficient__attr_""abs""__coeff_71",17.337073302475968
"low__fft_coefficient__attr_""abs""__coeff_72",11.328263672128507
"low__fft_coefficient__attr_""abs""__coeff_73",6.373749420506578
"low__fft_coefficient__attr_""abs""__coeff_74",10.991364078034437
"low__fft_coefficient__attr_""abs""__coeff_75",8.147830650203751
"low__fft_coefficient__attr_""abs""__coeff_76",10.548552421088171
"low__fft_coefficient__attr_""abs""__coeff_77",16.549040367017533
"low__fft_coefficient__attr_""abs""__coeff_78",23.39003855210267
"low__fft_coefficient__attr_""abs""__coeff_79",35.95062293310916
"low__fft_coefficient__attr_""abs""__coeff_80",29.237166638929136
"low__fft_coefficient__attr_""abs""__coeff_81",13.983598982501963
"low__fft_coefficient__attr_""abs""__coeff_82",3.508529969607403
"low__fft_coefficient__attr_""abs""__coeff_83",10.92831691992535
"low__fft_coefficient__attr_""abs""__coeff_84",16.25483627520218
"low__fft_coefficient__attr_""abs""__coeff_85",8.952600716988313
"low__fft_coefficient__attr_""abs""__coeff_86",13.608864832596474
"low__fft_coefficient__attr_""abs""__coeff_87",7.723052770644811
"low__fft_coefficient__attr_""abs""__coeff_88",0.0
"low__fft_coefficient__attr_""abs""__coeff_89",0.0
"low__fft_coefficient__attr_""abs""__coeff_90",0.0
"low__fft_coefficient__attr_""abs""__coeff_91",0.0
"low__fft_coefficient__attr_""abs""__coeff_92",0.0
"low__fft_coefficient__attr_""abs""__coeff_93",0.0
"low__fft_coefficient__attr_""abs""__coeff_94",0.0
"low__fft_coefficient__attr_""abs""__coeff_95",0.0
"low__fft_coefficient__attr_""abs""__coeff_96",0.0
"low__fft_coefficient__attr_""abs""__coeff_97",0.0
"low__fft_coefficient__attr_""abs""__coeff_98",0.0
"low__fft_coefficient__attr_""abs""__coeff_99",0.0
"low__fft_coefficient__attr_""angle""__coeff_0",0.0
"low__fft_coefficient__attr_""angle""__coeff_1",-51.05297278541692
"low__fft_coefficient__attr_""angle""__coeff_2",54.10928350862662
"low__fft_coefficient__attr_""angle""__coeff_3",108.88579884715371
"low__fft_coefficient__attr_""angle""__coeff_4",108.597982688872
"low__fft_coefficient__attr_""angle""__coeff_5",113.02535985344261
"low__fft_coefficient__attr_""angle""__coeff_6",127.73698282331186
"low__fft_coefficient__attr_""angle""__coeff_7",96.58527381695697
"low__fft_coefficient__attr_""angle""__coeff_8",61.376153032841955
"low__fft_coefficient__attr_""angle""__coeff_9",47.9010652251471
"low__fft_coefficient__attr_""angle""__coeff_10",139.78916898638582
"low__fft_coefficient__attr_""angle""__coeff_11",-169.7146070872407
"low__fft_coefficient__attr_""angle""__coeff_12",137.62651763722107
"low__fft_coefficient__attr_""angle""__coeff_13",123.34783829878684
"low__fft_coefficient__attr_""angle""__coeff_14",104.66446787495131
"low__fft_coefficient__attr_""angle""__coeff_15",81.802282134829
"low__fft_coefficient__attr_""angle""__coeff_16",95.48980367435169
"low__fft_coefficient__attr_""angle""__coeff_17",-138.91271140652168
"low__fft_coefficient__attr_""angle""__coeff_18",-58.39732405087459
"low__fft_coefficient__attr_""angle""__coeff_19",-50.752510640006605
"low__fft_coefficient__attr_""angle""__coeff_20",51.722253411469275
"low__fft_coefficient__attr_""angle""__coeff_21",110.85175721667616
"low__fft_coefficient__attr_""angle""__coeff_22",91.85888162001552
"low__fft_coefficient__attr_""angle""__coeff_23",113.74906933876927
"low__fft_coefficient__attr_""angle""__coeff_24",121.25338102554332
"low__fft_coefficient__attr_""angle""__coeff_25",110.84206303088139
"low__fft_coefficient__attr_""angle""__coeff_26",74.51409438770553
"low__fft_coefficient__attr_""angle""__coeff_27",66.39945148106634
"low__fft_coefficient__attr_""angle""__coeff_28",85.38506373294626
"low__fft_coefficient__attr_""angle""__coeff_29",172.34964987152205
"low__fft_coefficient__attr_""angle""__coeff_30",-174.80799898066402
"low__fft_coefficient__attr_""angle""__coeff_31",-170.09881991422583
"low__fft_coefficient__attr_""angle""__coeff_32",-176.8138998852481
"low__fft_coefficient__attr_""angle""__coeff_33",119.90735166111966
"low__fft_coefficient__attr_""angle""__coeff_34",127.88090413294489
"low__fft_coefficient__attr_""angle""__coeff_35",118.83835917781617
"low__fft_coefficient__attr_""angle""__coeff_36",112.11692791785936
"low__fft_coefficient__attr_""angle""__coeff_37",103.58203423712614
"low__fft_coefficient__attr_""angle""__coeff_38",114.40992458182367
"low__fft_coefficient__attr_""angle""__coeff_39",108.09670707450584
"low__fft_coefficient__attr_""angle""__coeff_40",122.66476060893554
"low__fft_coefficient__attr_""angle""__coeff_41",60.779275085019655
"low__fft_coefficient__attr_""angle""__coeff_42",45.162271698577605
"low__fft_coefficient__attr_""angle""__coeff_43",-130.3016904740716
"low__fft_coefficient__attr_""angle""__coeff_44",139.40226730617923
"low__fft_coefficient__attr_""angle""__coeff_45",178.640370268523
"low__fft_coefficient__attr_""angle""__coeff_46",111.02088000761891
"low__fft_coefficient__attr_""angle""__coeff_47",111.87229463435649
"low__fft_coefficient__attr_""angle""__coeff_48",134.50725723982873
"low__fft_coefficient__attr_""angle""__coeff_49",-163.59724114081953
"low__fft_coefficient__attr_""angle""__coeff_50",-128.45571260103628
"low__fft_coefficient__attr_""angle""__coeff_51",162.39517021003383
"low__fft_coefficient__attr_""angle""__coeff_52",160.7367469439459
"low__fft_coefficient__attr_""angle""__coeff_53",160.50839696673737
"low__fft_coefficient__attr_""angle""__coeff_54",113.99272216935408
"low__fft_coefficient__attr_""angle""__coeff_55",108.20709673957275
"low__fft_coefficient__attr_""angle""__coeff_56",106.08701475000066
"low__fft_coefficient__attr_""angle""__coeff_57",90.44635532572366
"low__fft_coefficient__attr_""angle""__coeff_58",82.82427446833033
"low__fft_coefficient__attr_""angle""__coeff_59",153.67168634993445
"low__fft_coefficient__attr_""angle""__coeff_60",160.51787787476172
"low__fft_coefficient__attr_""angle""__coeff_61",155.50285773351993
"low__fft_coefficient__attr_""angle""__coeff_62",-160.80013238787922
"low__fft_coefficient__attr_""angle""__coeff_63",94.19831369294383
"low__fft_coefficient__attr_""angle""__coeff_64",143.97712454308194
"low__fft_coefficient__attr_""angle""__coeff_65",152.24361200340726
"low__fft_coefficient__attr_""angle""__coeff_66",150.1200089170754
"low__fft_coefficient__attr_""angle""__coeff_67",177.3261113709339
"low__fft_coefficient__attr_""angle""__coeff_68",145.79205795378377
"low__fft_coefficient__attr_""angle""__coeff_69",-157.02156279717232
"low__fft_coefficient__attr_""angle""__coeff_70",-160.52774312016018
"low__fft_coefficient__attr_""angle""__coeff_71",172.17978383638567
"low__fft_coefficient__attr_""angle""__coeff_72",161.2679669386449
"low__fft_coefficient__attr_""angle""__coeff_73",150.53411928693413
"low__fft_coefficient__attr_""angle""__coeff_74",105.25100960342058
"low__fft_coefficient__attr_""angle""__coeff_75",133.4125936600828
"low__fft_coefficient__attr_""angle""__coeff_76",136.8487791212378
"low__fft_coefficient__attr_""angle""__coeff_77",-175.69273399839253
"low__fft_coefficient__attr_""angle""__coeff_78",-168.0664069563511
"low__fft_coefficient__attr_""angle""__coeff_79",157.33783761588842
"low__fft_coefficient__attr_""angle""__coeff_80",153.12381666395507
"low__fft_coefficient__attr_""angle""__coeff_81",169.02975018892673
"low__fft_coefficient__attr_""angle""__coeff_82",139.33439048775375
"low__fft_coefficient__attr_""angle""__coeff_83",172.63753788936367
"low__fft_coefficient__attr_""angle""__coeff_84",149.85313094269506
"low__fft_coefficient__attr_""angle""__coeff_85",154.06376828052476
"low__fft_coefficient__attr_""angle""__coeff_86",177.27638260092056
"low__fft_coefficient__attr_""angle""__coeff_87",143.98184110049507
"low__fft_coefficient__attr_""angle""__coeff_88",0.0
"low__fft_coefficient__attr_""angle""__coeff_89",0.0
"low__fft_coefficient__attr_""angle""__coeff_90",0.0
"low__fft_coefficient__attr_""angle""__coeff_91",0.0
"low__fft_coefficient__attr_""angle""__coeff_92",0.0
"low__fft_coefficient__attr_""angle""__coeff_93",0.0
"low__fft_coefficient__attr_""angle""__coeff_94",0.0
"low__fft_coefficient__attr_""angle""__coeff_95",0.0
"low__fft_coefficient__attr_""angle""__coeff_96",0.0
"low__fft_coefficient__attr_""angle""__coeff_97",0.0
"low__fft_coefficient__attr_""angle""__coeff_98",0.0
"low__fft_coefficient__attr_""angle""__coeff_99",0.0
"low__fft_aggregated__aggtype_""centroid""",6.068016092780177
"low__fft_aggregated__aggtype_""variance""",241.0724596838731
"low__fft_aggregated__aggtype_""skew""",3.2105181677033574
"low__fft_aggregated__aggtype_""kurtosis""",13.173212052958837
low__value_count__value_0,0.0
low__value_count__value_1,0.0
low__value_count__value_-1,0.0
low__range_count__max_1__min_-1,0.0
low__range_count__max_0__min_-1000000000000.0,0.0
low__range_count__max_1000000000000.0__min_0,175.0
low__approximate_entropy__m_2__r_0.1,0.6608915820213386
low__approximate_entropy__m_2__r_0.3,0.4967658138541182
low__approximate_entropy__m_2__r_0.5,0.3015164007971174
low__approximate_entropy__m_2__r_0.7,0.1963348024460998
low__approximate_entropy__m_2__r_0.9,0.12723765989959468
low__friedrich_coefficients__coeff_0__m_3__r_30,-0.00037462531496000394
low__friedrich_coefficients__coeff_1__m_3__r_30,0.06568134647619271
low__friedrich_coefficients__coeff_2__m_3__r_30,-3.812780810534257
low__friedrich_coefficients__coeff_3__m_3__r_30,73.39454250346152
low__max_langevin_fixed_point__m_3__r_30,68.50697605863203
"low__linear_trend__attr_""pvalue""",0.0012593600494733318
"low__linear_trend__attr_""rvalue""",0.24189601441960826
"low__linear_trend__attr_""intercept""",52.83652987012987
"low__linear_trend__attr_""slope""",0.034074697716077025
"low__linear_trend__attr_""stderr""",0.010391715637121228
"low__agg_linear_trend__attr_""rvalue""__chunk_len_5__f_agg_""max""",0.16730714643351838
"low__agg_linear_trend__attr_""rvalue""__chunk_len_5__f_agg_""min""",0.2888542636799264
"low__agg_linear_trend__attr_""rvalue""__chunk_len_5__f_agg_""mean""",0.249516705951947
"low__agg_linear_trend__attr_""rvalue""__chunk_len_5__f_agg_""var""",-0.3442634632597284
"low__agg_linear_trend__attr_""rvalue""__chunk_len_10__f_agg_""max""",0.19887924058371784
"low__agg_linear_trend__attr_""rvalue""__chunk_len_10__f_agg_""min""",0.4036087602562526
"low__agg_linear_trend__attr_""rvalue""__chunk_len_10__f_agg_""mean""",0.3258131419894628
"low__agg_linear_trend__attr_""rvalue""__chunk_len_10__f_agg_""var""",-0.17823446323652245
"low__agg_linear_trend__attr_""rvalue""__chunk_len_50__f_agg_""max""",0.34731613069729955
"low__agg_linear_trend__attr_""rvalue""__chunk_len_50__f_agg_""min""",0.7005703066455284
"low__agg_linear_trend__attr_""rvalue""__chunk_len_50__f_agg_""mean""",0.5109922907004175
"low__agg_linear_trend__attr_""rvalue""__chunk_len_50__f_agg_""var""",-0.4351138216263023
"low__agg_linear_trend__attr_""intercept""__chunk_len_5__f_agg_""max""",55.79419047619048
"low__agg_linear_trend__attr_""intercept""__chunk_len_5__f_agg_""min""",50.53071428571428
"low__agg_linear_trend__attr_""intercept""__chunk_len_5__f_agg_""mean""",52.90926666666667
"low__agg_linear_trend__attr_""intercept""__chunk_len_5__f_agg_""var""",6.059472038095239
"low__agg_linear_trend__attr_""intercept""__chunk_len_10__f_agg_""max""",57.38134502923977
"low__agg_linear_trend__attr_""intercept""__chunk_len_10__f_agg_""min""",48.599005847953215
"low__agg_linear_trend__attr_""intercept""__chunk_len_10__f_agg_""mean""",52.510321637426905
"low__agg_linear_trend__attr_""intercept""__chunk_len_10__f_agg_""var""",9.3294295380117
"low__agg_linear_trend__attr_""intercept""__chunk_len_50__f_agg_""max""",62.159
"low__agg_linear_trend__attr_""intercept""__chunk_len_50__f_agg_""min""",43.653999999999996
"low__agg_linear_trend__attr_""intercept""__chunk_len_50__f_agg_""mean""",52.866600000000005
"low__agg_linear_trend__attr_""intercept""__chunk_len_50__f_agg_""var""",32.06579916800001
"low__agg_linear_trend__attr_""slope""__chunk_len_5__f_agg_""max""",0.11891316526610647
"low__agg_linear_trend__attr_""slope""__chunk_len_5__f_agg_""min""",0.19800840336134456
"low__agg_linear_trend__attr_""slope""__chunk_len_5__f_agg_""mean""",0.17010364145658255
"low__agg_linear_trend__attr_""slope""__chunk_len_5__f_agg_""var""",-0.16621510140056028
"low__agg_linear_trend__attr_""slope""__chunk_len_10__f_agg_""max""",0.29363261093911247
"low__agg_linear_trend__attr_""slope""__chunk_len_10__f_agg_""min""",0.5151496388028897
"low__agg_linear_trend__attr_""slope""__chunk_len_10__f_agg_""mean""",0.43189680082559356
"low__agg_linear_trend__attr_""slope""__chunk_len_10__f_agg_""var""",-0.26814113519091887
"low__agg_linear_trend__attr_""slope""__chunk_len_50__f_agg_""max""",2.1489999999999982
"low__agg_linear_trend__attr_""slope""__chunk_len_50__f_agg_""min""",3.8040000000000007
"low__agg_linear_trend__attr_""slope""__chunk_len_50__f_agg_""mean""",2.9268
"low__agg_linear_trend__attr_""slope""__chunk_len_50__f_agg_""var""",-7.240648712000005
"low__agg_linear_trend__attr_""stderr""__chunk_len_5__f_agg_""max""",0.12198135923526816
"low__agg_linear_trend__attr_""stderr""__chunk_len_5__f_agg_""min""",0.11424286374247601
"low__agg_linear_trend__attr_""stderr""__chunk_len_5__f_agg_""mean""",0.11492077882401479
"low__agg_linear_trend__attr_""stderr""__chunk_len_5__f_agg_""var""",0.07890953137923985
"low__agg_linear_trend__attr_""stderr""__chunk_len_10__f_agg_""max""",0.36173585302362116
"low__agg_linear_trend__attr_""stderr""__chunk_len_10__f_agg_""min""",0.2919452994824087
"low__agg_linear_trend__attr_""stderr""__chunk_len_10__f_agg_""mean""",0.3133160904899688
"low__agg_linear_trend__attr_""stderr""__chunk_len_10__f_agg_""var""",0.37008509335724493
"low__agg_linear_trend__attr_""stderr""__chunk_len_50__f_agg_""max""",4.102821833811458
"low__agg_linear_trend__attr_""stderr""__chunk_len_50__f_agg_""min""",2.7397978027584444
"low__agg_linear_trend__attr_""stderr""__chunk_len_50__f_agg_""mean""",3.481390001709089
"low__agg_linear_trend__attr_""stderr""__chunk_len_50__f_agg_""var""",10.59456789879015
"low__augmented_dickey_fuller__attr_""teststat""__autolag_""AIC""",-1.9420395057284228
"low__augmented_dickey_fuller__attr_""pvalue""__autolag_""AIC""",0.31255001701935803
"low__augmented_dickey_fuller__attr_""usedlag""__autolag_""AIC""",11.0
low__number_crossing_m__m_0,0.0
low__number_crossing_m__m_-1,0.0
low__number_crossing_m__m_1,0.0
low__energy_ratio_by_chunks__num_segments_10__segment_focus_0,0.07326276019477197
low__energy_ratio_by_chunks__num_segments_10__segment_focus_1,0.11683985637353088
low__energy_ratio_by_chunks__num_segments_10__segment_focus_2,0.1152182024533383
low__energy_ratio_by_chunks__num_segments_10__segment_focus_3,0.10404073607181272
low__energy_ratio_by_chunks__num_segments_10__segment_focus_4,0.10485517229886904
low__energy_ratio_by_chunks__num_segments_10__segment_focus_5,0.08939757144963978
low__energy_ratio_by_chunks__num_segments_10__segment_focus_6,0.07525639289311047
low__energy_ratio_by_chunks__num_segments_10__segment_focus_7,0.0704910120124339
low__energy_ratio_by_chunks__num_segments_10__segment_focus_8,0.09978392974454867
low__energy_ratio_by_chunks__num_segments_10__segment_focus_9,0.15085436650794418
low__ratio_beyond_r_sigma__r_0.5,0.5942857142857143
low__ratio_beyond_r_sigma__r_1,0.34285714285714286
low__ratio_beyond_r_sigma__r_1.5,0.15428571428571428
low__ratio_beyond_r_sigma__r_2,0.04
low__ratio_beyond_r_sigma__r_2.5,0.022857142857142857
low__ratio_beyond_r_sigma__r_3,0.0
low__ratio_beyond_r_sigma__r_5,0.0
low__ratio_beyond_r_sigma__r_6,0.0
low__ratio_beyond_r_sigma__r_7,0.0
low__ratio_beyond_r_sigma__r_10,0.0
low__count_above__t_0,1.0
low__count_below__t_0,0.0
low__lempel_ziv_complexity__bins_2,0.16
low__lempel_ziv_complexity__bins_3,0.2057142857142857
low__lempel_ziv_complexity__bins_5,0.28
low__lempel_ziv_complexity__bins_10,0.37714285714285717
low__lempel_ziv_complexity__bins_100,0.6857142857142857
low__fourier_entropy__bins_2,0.06217765171742484
low__fourier_entropy__bins_3,0.12422468404864209
low__fourier_entropy__bins_5,0.12422468404864209
low__fourier_entropy__bins_10,0.23216743420595382
low__fourier_entropy__bins_100,0.7133579771327146
low__permutation_entropy__dimension_3__tau_1,1.7038585797320085
low__permutation_entropy__dimension_4__tau_1,2.893077557064749
low__permutation_entropy__dimension_5__tau_1,3.965250942406084
low__permutation_entropy__dimension_6__tau_1,4.609175726100791
low__permutation_entropy__dimension_7__tau_1,4.933028509793621
low__query_similarity_count__query_None__threshold_0.0,0.0
low__mean_n_absolute_max__number_of_maxima_7,73.51571428571428
open__variance_larger_than_standard_deviation,1.0
open__has_duplicate_max,0.0
open__has_duplicate_min,0.0
open__has_duplicate,1.0
open__sum_values,9958.09
open__abs_energy,576559.8383000001
open__mean_abs_change,1.5137931034482757
open__mean_change,0.14160919540229885
open__mean_second_derivative_central,-0.004277456647398856
open__median,56.86
open__mean,56.90337142857143
open__length,175.0
open__standard_deviation,7.525554297898079
open__variation_coefficient,0.13225146610767363
open__variance,56.63396749061225
open__skewness,0.6236124528093407
open__kurtosis,0.09913626794136876
open__root_mean_square,57.39884709145796
open__absolute_sum_of_changes,263.4
open__longest_strike_below_mean,49.0
open__longest_strike_above_mean,27.0
open__count_above_mean,87.0
open__count_below_mean,88.0
open__last_location_of_maximum,0.9657142857142857
open__first_location_of_maximum,0.96
open__last_location_of_minimum,0.040000000000000036
open__first_location_of_minimum,0.03428571428571429
open__percentage_of_reoccurring_values_to_all_values,0.04216867469879518
open__percentage_of_reoccurring_datapoints_to_all_datapoints,0.09142857142857143
open__sum_of_reoccurring_values,395.63
open__sum_of_reoccurring_data_points,908.04
open__ratio_value_number_to_time_series_length,0.9485714285714286
open__sample_entropy,0.6074767357189467
open__maximum,79.29
open__absolute_maximum,79.29
open__minimum,43.55
open__benford_correlation,-0.2558668363156043
open__time_reversal_asymmetry_statistic__lag_1,1975.8720908323694
open__time_reversal_asymmetry_statistic__lag_2,4148.779256064327
open__time_reversal_asymmetry_statistic__lag_3,6796.586575147929
open__c3__lag_1,193393.19076316187
open__c3__lag_2,192441.80183017545
open__c3__lag_3,191265.9519179941
open__cid_ce__normalize_True,3.7798874658516257
open__cid_ce__normalize_False,28.44574836421078
open__symmetry_looking__r_0.0,0.0
open__symmetry_looking__r_0.05,1.0
open__symmetry_looking__r_0.1,1.0
open__symmetry_looking__r_0.15000000000000002,1.0
open__symmetry_looking__r_0.2,1.0
open__symmetry_looking__r_0.25,1.0
open__symmetry_looking__r_0.30000000000000004,1.0
open__symmetry_looking__r_0.35000000000000003,1.0
open__symmetry_looking__r_0.4,1.0
open__symmetry_looking__r_0.45,1.0
open__symmetry_looking__r_0.5,1.0
open__symmetry_looking__r_0.55,1.0
open__symmetry_looking__r_0.6000000000000001,1.0
open__symmetry_looking__r_0.65,1.0
open__symmetry_looking__r_0.7000000000000001,1.0
open__symmetry_looking__r_0.75,1.0
open__symmetry_looking__r_0.8,1.0
open__symmetry_looking__r_0.8500000000000001,1.0
open__symmetry_looking__r_0.9,1.0
open__symmetry_looking__r_0.9500000000000001,1.0
open__large_standard_deviation__r_0.05,1.0
open__large_standard_deviation__r_0.1,1.0
open__large_standard_deviation__r_0.15000000000000002,1.0
open__large_standard_deviation__r_0.2,1.0
open__large_standard_deviation__r_0.25,0.0
open__large_standard_deviation__r_0.30000000000000004,0.0
open__large_standard_deviation__r_0.35000000000000003,0.0
open__large_standard_deviation__r_0.4,0.0
open__large_standard_deviation__r_0.45,0.0
open__large_standard_deviation__r_0.5,0.0
open__large_standard_deviation__r_0.55,0.0
open__large_standard_deviation__r_0.6000000000000001,0.0
open__large_standard_deviation__r_0.65,0.0
open__large_standard_deviation__r_0.7000000000000001,0.0
open__large_standard_deviation__r_0.75,0.0
open__large_standard_deviation__r_0.8,0.0
open__large_standard_deviation__r_0.8500000000000001,0.0
open__large_standard_deviation__r_0.9,0.0
open__large_standard_deviation__r_0.9500000000000001,0.0
open__quantile__q_0.1,47.79
open__quantile__q_0.2,50.062000000000005
open__quantile__q_0.3,51.83
open__quantile__q_0.4,54.804
open__quantile__q_0.6,57.972
open__quantile__q_0.7,59.016000000000005
open__quantile__q_0.8,62.64
open__quantile__q_0.9,67.992
open__autocorrelation__lag_0,1.0
open__autocorrelation__lag_1,0.9492805444053867
open__autocorrelation__lag_2,0.9038273274306521
open__autocorrelation__lag_3,0.854273610435301
open__autocorrelation__lag_4,0.7987069246141048
open__autocorrelation__lag_5,0.737230317429502
open__autocorrelation__lag_6,0.6761277611081816
open__autocorrelation__lag_7,0.6102957672490475
open__autocorrelation__lag_8,0.5384712949542367
open__autocorrelation__lag_9,0.49002788717804996
"open__agg_autocorrelation__f_agg_""mean""__maxlag_40",0.08586618977542831
"open__agg_autocorrelation__f_agg_""median""__maxlag_40",-0.023191679222226827
"open__agg_autocorrelation__f_agg_""var""__maxlag_40",0.17883234881024404
open__partial_autocorrelation__lag_0,1.0
open__partial_autocorrelation__lag_1,0.9492805444053863
open__partial_autocorrelation__lag_2,0.02724660891731033
open__partial_autocorrelation__lag_3,-0.06275301630306343
open__partial_autocorrelation__lag_4,-0.09180255087856824
open__partial_autocorrelation__lag_5,-0.0966391679650846
open__partial_autocorrelation__lag_6,-0.03447467505285834
open__partial_autocorrelation__lag_7,-0.07732126401731908
open__partial_autocorrelation__lag_8,-0.10221192019355299
open__partial_autocorrelation__lag_9,0.19599131722372853
open__number_cwt_peaks__n_1,23.0
open__number_cwt_peaks__n_5,17.0
open__number_peaks__n_1,45.0
open__number_peaks__n_3,16.0
open__number_peaks__n_5,12.0
open__number_peaks__n_10,3.0
open__number_peaks__n_50,0.0
open__binned_entropy__max_bins_10,2.059475523082927
open__index_mass_quantile__q_0.1,0.12
open__index_mass_quantile__q_0.2,0.21142857142857144
open__index_mass_quantile__q_0.3,0.3028571428571429
open__index_mass_quantile__q_0.4,0.4
open__index_mass_quantile__q_0.6,0.6057142857142858
open__index_mass_quantile__q_0.7,0.7142857142857143
open__index_mass_quantile__q_0.8,0.8342857142857143
open__index_mass_quantile__q_0.9,0.9257142857142857
"open__cwt_coefficients__coeff_0__w_2__widths_(2, 5, 10, 20)",-0.32739936399375325
"open__cwt_coefficients__coeff_0__w_5__widths_(2, 5, 10, 20)",-3.409489609720198
"open__cwt_coefficients__coeff_0__w_10__widths_(2, 5, 10, 20)",-23.08859871945897
"open__cwt_coefficients__coeff_0__w_20__widths_(2, 5, 10, 20)",-31.39425874713317
"open__cwt_coefficients__coeff_1__w_2__widths_(2, 5, 10, 20)",24.614283972163204
"open__cwt_coefficients__coeff_1__w_5__widths_(2, 5, 10, 20)",12.468828660441437
"open__cwt_coefficients__coeff_1__w_10__widths_(2, 5, 10, 20)",-11.784927959471432
"open__cwt_coefficients__coeff_1__w_20__widths_(2, 5, 10, 20)",-20.862072083794235
"open__cwt_coefficients__coeff_2__w_2__widths_(2, 5, 10, 20)",34.56822373335615
"open__cwt_coefficients__coeff_2__w_5__widths_(2, 5, 10, 20)",26.227936877269062
"open__cwt_coefficients__coeff_2__w_10__widths_(2, 5, 10, 20)",-1.092387319567043
"open__cwt_coefficients__coeff_2__w_20__widths_(2, 5, 10, 20)",-10.182234705957041
"open__cwt_coefficients__coeff_3__w_2__widths_(2, 5, 10, 20)",28.037594767572635
"open__cwt_coefficients__coeff_3__w_5__widths_(2, 5, 10, 20)",36.534039362386004
"open__cwt_coefficients__coeff_3__w_10__widths_(2, 5, 10, 20)",9.812265372685445
"open__cwt_coefficients__coeff_3__w_20__widths_(2, 5, 10, 20)",0.011631023788849951
"open__cwt_coefficients__coeff_4__w_2__widths_(2, 5, 10, 20)",14.563809942932199
"open__cwt_coefficients__coeff_4__w_5__widths_(2, 5, 10, 20)",42.057710588747675
"open__cwt_coefficients__coeff_4__w_10__widths_(2, 5, 10, 20)",19.642609890767815
"open__cwt_coefficients__coeff_4__w_20__widths_(2, 5, 10, 20)",10.876795843161664
"open__cwt_coefficients__coeff_5__w_2__widths_(2, 5, 10, 20)",3.1350249955480463
"open__cwt_coefficients__coeff_5__w_5__widths_(2, 5, 10, 20)",43.00078779947546
"open__cwt_coefficients__coeff_5__w_10__widths_(2, 5, 10, 20)",29.125893893153506
"open__cwt_coefficients__coeff_5__w_20__widths_(2, 5, 10, 20)",21.48810947816125
"open__cwt_coefficients__coeff_6__w_2__widths_(2, 5, 10, 20)",-2.6535714441111042
"open__cwt_coefficients__coeff_6__w_5__widths_(2, 5, 10, 20)",40.03377506476467
"open__cwt_coefficients__coeff_6__w_10__widths_(2, 5, 10, 20)",37.5992786779577
"open__cwt_coefficients__coeff_6__w_20__widths_(2, 5, 10, 20)",32.01223466546528
"open__cwt_coefficients__coeff_7__w_2__widths_(2, 5, 10, 20)",-3.1488450800540293
"open__cwt_coefficients__coeff_7__w_5__widths_(2, 5, 10, 20)",34.15684068366414
"open__cwt_coefficients__coeff_7__w_10__widths_(2, 5, 10, 20)",44.753318321642595
"open__cwt_coefficients__coeff_7__w_20__widths_(2, 5, 10, 20)",42.383336810262456
"open__cwt_coefficients__coeff_8__w_2__widths_(2, 5, 10, 20)",-1.1131341293935078
"open__cwt_coefficients__coeff_8__w_5__widths_(2, 5, 10, 20)",26.60590625984104
"open__cwt_coefficients__coeff_8__w_10__widths_(2, 5, 10, 20)",51.13036332994853
"open__cwt_coefficients__coeff_8__w_20__widths_(2, 5, 10, 20)",52.07336588375646
"open__cwt_coefficients__coeff_9__w_2__widths_(2, 5, 10, 20)",0.04251116661075455
"open__cwt_coefficients__coeff_9__w_5__widths_(2, 5, 10, 20)",18.495168553078884
"open__cwt_coefficients__coeff_9__w_10__widths_(2, 5, 10, 20)",56.10945864876729
"open__cwt_coefficients__coeff_9__w_20__widths_(2, 5, 10, 20)",61.90881906735912
"open__cwt_coefficients__coeff_10__w_2__widths_(2, 5, 10, 20)",-0.6381295827706905
"open__cwt_coefficients__coeff_10__w_5__widths_(2, 5, 10, 20)",11.122758262764915
"open__cwt_coefficients__coeff_10__w_10__widths_(2, 5, 10, 20)",60.173356699324756
"open__cwt_coefficients__coeff_10__w_20__widths_(2, 5, 10, 20)",71.19197268965742
"open__cwt_coefficients__coeff_11__w_2__widths_(2, 5, 10, 20)",-1.0260251728126197
"open__cwt_coefficients__coeff_11__w_5__widths_(2, 5, 10, 20)",4.970703671321329
"open__cwt_coefficients__coeff_11__w_10__widths_(2, 5, 10, 20)",63.00943807557634
"open__cwt_coefficients__coeff_11__w_20__widths_(2, 5, 10, 20)",80.0680083418517
"open__cwt_coefficients__coeff_12__w_2__widths_(2, 5, 10, 20)",0.3573224892788544
"open__cwt_coefficients__coeff_12__w_5__widths_(2, 5, 10, 20)",0.53907105430744
"open__cwt_coefficients__coeff_12__w_10__widths_(2, 5, 10, 20)",65.13475793799026
"open__cwt_coefficients__coeff_12__w_20__widths_(2, 5, 10, 20)",88.44301800242269
"open__cwt_coefficients__coeff_13__w_2__widths_(2, 5, 10, 20)",1.6294978650102607
"open__cwt_coefficients__coeff_13__w_5__widths_(2, 5, 10, 20)",-1.9064320427180306
"open__cwt_coefficients__coeff_13__w_10__widths_(2, 5, 10, 20)",66.24691053961504
"open__cwt_coefficients__coeff_13__w_20__widths_(2, 5, 10, 20)",96.16181983780687
"open__cwt_coefficients__coeff_14__w_2__widths_(2, 5, 10, 20)",-0.007118930319975125
"open__cwt_coefficients__coeff_14__w_5__widths_(2, 5, 10, 20)",-2.3236679509654143
"open__cwt_coefficients__coeff_14__w_10__widths_(2, 5, 10, 20)",66.71716154995822
"open__cwt_coefficients__coeff_14__w_20__widths_(2, 5, 10, 20)",103.46665317401944
open__spkt_welch_density__coeff_2,504.15894061939764
open__spkt_welch_density__coeff_5,15.219816549886243
open__spkt_welch_density__coeff_8,44.46429031189927
open__ar_coefficient__coeff_0__k_10,2.6720181017242672
open__ar_coefficient__coeff_1__k_10,0.9142379262060752
open__ar_coefficient__coeff_2__k_10,0.11068221638554203
open__ar_coefficient__coeff_3__k_10,0.019824471295616323
open__ar_coefficient__coeff_4__k_10,-0.025743341372654948
open__ar_coefficient__coeff_5__k_10,-0.11927612779679198
open__ar_coefficient__coeff_6__k_10,0.07040539815499072
open__ar_coefficient__coeff_7__k_10,0.12166885459822045
open__ar_coefficient__coeff_8__k_10,-0.32180773767734605
open__ar_coefficient__coeff_9__k_10,0.26322585053544895
open__ar_coefficient__coeff_10__k_10,-0.07811106192376513
"open__change_quantiles__f_agg_""mean""__isabs_False__qh_0.2__ql_0.0",0.013103448275862158
"open__change_quantiles__f_agg_""var""__isabs_False__qh_0.2__ql_0.0",2.108435196195004
"open__change_quantiles__f_agg_""mean""__isabs_True__qh_0.2__ql_0.0",1.009655172413793
"open__change_quantiles__f_agg_""var""__isabs_True__qh_0.2__ql_0.0",1.0892033293697958
"open__change_quantiles__f_agg_""mean""__isabs_False__qh_0.4__ql_0.0",0.09215384615384618
"open__change_quantiles__f_agg_""var""__isabs_False__qh_0.4__ql_0.0",2.7986045917159745
"open__change_quantiles__f_agg_""mean""__isabs_True__qh_0.4__ql_0.0",1.1475384615384612
"open__change_quantiles__f_agg_""var""__isabs_True__qh_0.4__ql_0.0",1.490252402366863
"open__change_quantiles__f_agg_""mean""__isabs_False__qh_0.6__ql_0.0",0.11147368421052635
"open__change_quantiles__f_agg_""var""__isabs_False__qh_0.6__ql_0.0",2.670606249307478
"open__change_quantiles__f_agg_""mean""__isabs_True__qh_0.6__ql_0.0",1.1512631578947368
"open__change_quantiles__f_agg_""var""__isabs_True__qh_0.6__ql_0.0",1.357625772853185
"open__change_quantiles__f_agg_""mean""__isabs_False__qh_0.8__ql_0.0",0.15724637681159417
"open__change_quantiles__f_agg_""var""__isabs_False__qh_0.8__ql_0.0",3.145432997269481
"open__change_quantiles__f_agg_""mean""__isabs_True__qh_0.8__ql_0.0",1.2684057971014495
"open__change_quantiles__f_agg_""var""__isabs_True__qh_0.8__ql_0.0",1.5613061541692919
"open__change_quantiles__f_agg_""mean""__isabs_False__qh_1.0__ql_0.0",0.14160919540229885
"open__change_quantiles__f_agg_""var""__isabs_False__qh_1.0__ql_0.0",4.630295111639584
"open__change_quantiles__f_agg_""mean""__isabs_True__qh_1.0__ql_0.0",1.5137931034482757
"open__change_quantiles__f_agg_""var""__isabs_True__qh_1.0__ql_0.0",2.358778715814508
"open__change_quantiles__f_agg_""mean""__isabs_False__qh_0.4__ql_0.2",-0.18119999999999975
"open__change_quantiles__f_agg_""var""__isabs_False__qh_0.4__ql_0.2",0.9360025599999995
"open__change_quantiles__f_agg_""mean""__isabs_True__qh_0.4__ql_0.2",0.7763999999999995
"open__change_quantiles__f_agg_""var""__isabs_True__qh_0.4__ql_0.2",0.3660390400000001
"open__change_quantiles__f_agg_""mean""__isabs_False__qh_0.6__ql_0.2",0.001272727272727407
"open__change_quantiles__f_agg_""var""__isabs_False__qh_0.6__ql_0.2",1.757229289256198
"open__change_quantiles__f_agg_""mean""__isabs_True__qh_0.6__ql_0.2",0.9852727272727272
"open__change_quantiles__f_agg_""var""__isabs_True__qh_0.6__ql_0.2",0.786468561983471
"open__change_quantiles__f_agg_""mean""__isabs_False__qh_0.8__ql_0.2",0.11408163265306122
"open__change_quantiles__f_agg_""var""__isabs_False__qh_0.8__ql_0.2",2.836389462723866
"open__change_quantiles__f_agg_""mean""__isabs_True__qh_0.8__ql_0.2",1.223061224489796
"open__change_quantiles__f_agg_""var""__isabs_True__qh_0.8__ql_0.2",1.3535253227821744
"open__change_quantiles__f_agg_""mean""__isabs_False__qh_1.0__ql_0.2",0.10537313432835824
"open__change_quantiles__f_agg_""var""__isabs_False__qh_1.0__ql_0.2",4.84650993539764
"open__change_quantiles__f_agg_""mean""__isabs_True__qh_1.0__ql_0.2",1.5538805970149254
"open__change_quantiles__f_agg_""var""__isabs_True__qh_1.0__ql_0.2",2.4430685230563616
"open__change_quantiles__f_agg_""mean""__isabs_False__qh_0.6__ql_0.4",0.3482608695652176
"open__change_quantiles__f_agg_""var""__isabs_False__qh_0.6__ql_0.4",1.2257969754253315
"open__change_quantiles__f_agg_""mean""__isabs_True__qh_0.6__ql_0.4",0.8969565217391309
"open__change_quantiles__f_agg_""var""__isabs_True__qh_0.6__ql_0.4",0.5425516068052932
"open__change_quantiles__f_agg_""mean""__isabs_False__qh_0.8__ql_0.4",0.11781249999999999
"open__change_quantiles__f_agg_""var""__isabs_False__qh_0.8__ql_0.4",2.253051464843751
"open__change_quantiles__f_agg_""mean""__isabs_True__qh_0.8__ql_0.4",1.1675000000000004
"open__change_quantiles__f_agg_""var""__isabs_True__qh_0.8__ql_0.4",0.9038750000000004
"open__change_quantiles__f_agg_""mean""__isabs_False__qh_1.0__ql_0.4",0.10480000000000005
"open__change_quantiles__f_agg_""var""__isabs_False__qh_1.0__ql_0.4",5.156638960000002
"open__change_quantiles__f_agg_""mean""__isabs_True__qh_1.0__ql_0.4",1.6307999999999998
"open__change_quantiles__f_agg_""var""__isabs_True__qh_1.0__ql_0.4",2.5081133600000025
"open__change_quantiles__f_agg_""mean""__isabs_False__qh_0.8__ql_0.6",0.1524000000000001
"open__change_quantiles__f_agg_""var""__isabs_False__qh_0.8__ql_0.6",1.860794240000002
"open__change_quantiles__f_agg_""mean""__isabs_True__qh_0.8__ql_0.6",1.038
"open__change_quantiles__f_agg_""var""__isabs_True__qh_0.8__ql_0.6",0.8065760000000012
"open__change_quantiles__f_agg_""mean""__isabs_False__qh_1.0__ql_0.6",0.2688333333333335
"open__change_quantiles__f_agg_""var""__isabs_False__qh_1.0__ql_0.6",5.440973638888892
"open__change_quantiles__f_agg_""mean""__isabs_True__qh_1.0__ql_0.6",1.7488333333333332
"open__change_quantiles__f_agg_""var""__isabs_True__qh_1.0__ql_0.6",2.4548269722222265
"open__change_quantiles__f_agg_""mean""__isabs_False__qh_1.0__ql_0.8",0.037272727272727395
"open__change_quantiles__f_agg_""var""__isabs_False__qh_1.0__ql_0.8",6.7132804407713556
"open__change_quantiles__f_agg_""mean""__isabs_True__qh_1.0__ql_0.8",2.0572727272727267
"open__change_quantiles__f_agg_""var""__isabs_True__qh_1.0__ql_0.8",2.4822986225895383
"open__fft_coefficient__attr_""real""__coeff_0",9958.09
"open__fft_coefficient__attr_""real""__coeff_1",235.8749229090365
"open__fft_coefficient__attr_""real""__coeff_2",203.44668187823794
"open__fft_coefficient__attr_""real""__coeff_3",-136.86656742247925
"open__fft_coefficient__attr_""real""__coeff_4",-114.25505451056915
"open__fft_coefficient__attr_""real""__coeff_5",-89.69751986469139
"open__fft_coefficient__attr_""real""__coeff_6",-124.46253002847291
"open__fft_coefficient__attr_""real""__coeff_7",-24.23373007540841
"open__fft_coefficient__attr_""real""__coeff_8",98.78001155289427
"open__fft_coefficient__attr_""real""__coeff_9",69.60163836938625
"open__fft_coefficient__attr_""real""__coeff_10",-50.176633886266714
"open__fft_coefficient__attr_""real""__coeff_11",-70.58845036021982
"open__fft_coefficient__attr_""real""__coeff_12",-104.37303869382293
"open__fft_coefficient__attr_""real""__coeff_13",-54.330456377990906
"open__fft_coefficient__attr_""real""__coeff_14",-23.43342956957642
"open__fft_coefficient__attr_""real""__coeff_15",-9.147978997832924
"open__fft_coefficient__attr_""real""__coeff_16",-2.9675186391230364
"open__fft_coefficient__attr_""real""__coeff_17",-18.348765618352928
"open__fft_coefficient__attr_""real""__coeff_18",20.806802494353676
"open__fft_coefficient__attr_""real""__coeff_19",1.9898222527767189
"open__fft_coefficient__attr_""real""__coeff_20",2.159189351911687
"open__fft_coefficient__attr_""real""__coeff_21",-25.60610543310293
"open__fft_coefficient__attr_""real""__coeff_22",8.726795249138746
"open__fft_coefficient__attr_""real""__coeff_23",-14.96820711742726
"open__fft_coefficient__attr_""real""__coeff_24",-19.25238576897693
"open__fft_coefficient__attr_""real""__coeff_25",-12.447739081244478
"open__fft_coefficient__attr_""real""__coeff_26",21.46921288089964
"open__fft_coefficient__attr_""real""__coeff_27",2.3830166751426898
"open__fft_coefficient__attr_""real""__coeff_28",-3.6184306647229105
"open__fft_coefficient__attr_""real""__coeff_29",-31.323499223497354
"open__fft_coefficient__attr_""real""__coeff_30",-41.04487170336817
"open__fft_coefficient__attr_""real""__coeff_31",-48.68504022415853
"open__fft_coefficient__attr_""real""__coeff_32",-30.958926471493
"open__fft_coefficient__attr_""real""__coeff_33",-15.044051119994126
"open__fft_coefficient__attr_""real""__coeff_34",-31.333598889578234
"open__fft_coefficient__attr_""real""__coeff_35",-13.116784205087697
"open__fft_coefficient__attr_""real""__coeff_36",-20.601929825496917
"open__fft_coefficient__attr_""real""__coeff_37",-14.339747701021789
"open__fft_coefficient__attr_""real""__coeff_38",-4.498876724986204
"open__fft_coefficient__attr_""real""__coeff_39",-4.655364447487081
"open__fft_coefficient__attr_""real""__coeff_40",-17.27074694649619
"open__fft_coefficient__attr_""real""__coeff_41",5.105893171631596
"open__fft_coefficient__attr_""real""__coeff_42",-1.0544258060691345
"open__fft_coefficient__attr_""real""__coeff_43",-21.41476903063962
"open__fft_coefficient__attr_""real""__coeff_44",-17.690681133706306
"open__fft_coefficient__attr_""real""__coeff_45",-33.90954253505026
"open__fft_coefficient__attr_""real""__coeff_46",-3.760724654579059
"open__fft_coefficient__attr_""real""__coeff_47",-10.507031714888834
"open__fft_coefficient__attr_""real""__coeff_48",-0.5088783730317843
"open__fft_coefficient__attr_""real""__coeff_49",-28.886683717981125
"open__fft_coefficient__attr_""real""__coeff_50",-14.586836091158473
"open__fft_coefficient__attr_""real""__coeff_51",-18.685798267440106
"open__fft_coefficient__attr_""real""__coeff_52",-20.924497451426276
"open__fft_coefficient__attr_""real""__coeff_53",-28.55814341564685
"open__fft_coefficient__attr_""real""__coeff_54",-5.73777352795182
"open__fft_coefficient__attr_""real""__coeff_55",-1.5799533217349415
"open__fft_coefficient__attr_""real""__coeff_56",16.240081758556407
"open__fft_coefficient__attr_""real""__coeff_57",7.949721327311849
"open__fft_coefficient__attr_""real""__coeff_58",5.165332201117389
"open__fft_coefficient__attr_""real""__coeff_59",-22.910418539701666
"open__fft_coefficient__attr_""real""__coeff_60",-25.463620327362708
"open__fft_coefficient__attr_""real""__coeff_61",-8.141789169956583
"open__fft_coefficient__attr_""real""__coeff_62",-21.170421492709163
"open__fft_coefficient__attr_""real""__coeff_63",-8.726635794598948
"open__fft_coefficient__attr_""real""__coeff_64",-16.08516734745987
"open__fft_coefficient__attr_""real""__coeff_65",-14.683462516783395
"open__fft_coefficient__attr_""real""__coeff_66",-14.226919405489953
"open__fft_coefficient__attr_""real""__coeff_67",-7.514835436536771
"open__fft_coefficient__attr_""real""__coeff_68",-17.883559314216406
"open__fft_coefficient__attr_""real""__coeff_69",-14.785605932164657
"open__fft_coefficient__attr_""real""__coeff_70",-18.103215794912103
"open__fft_coefficient__attr_""real""__coeff_71",-27.47981507448266
"open__fft_coefficient__attr_""real""__coeff_72",-25.232958037233843
"open__fft_coefficient__attr_""real""__coeff_73",19.216353494268137
"open__fft_coefficient__attr_""real""__coeff_74",9.950209629750672
"open__fft_coefficient__attr_""real""__coeff_75",1.2595751724030695
"open__fft_coefficient__attr_""real""__coeff_76",-4.3570096065552555
"open__fft_coefficient__attr_""real""__coeff_77",-17.389630707138753
"open__fft_coefficient__attr_""real""__coeff_78",-25.735980813498788
"open__fft_coefficient__attr_""real""__coeff_79",-25.848366091087627
"open__fft_coefficient__attr_""real""__coeff_80",-15.044926254008654
"open__fft_coefficient__attr_""real""__coeff_81",-13.630529572893877
"open__fft_coefficient__attr_""real""__coeff_82",4.100257162123773
"open__fft_coefficient__attr_""real""__coeff_83",-16.91590583946789
"open__fft_coefficient__attr_""real""__coeff_84",-22.741009989957426
"open__fft_coefficient__attr_""real""__coeff_85",-14.064932998316458
"open__fft_coefficient__attr_""real""__coeff_86",-12.167879259644476
"open__fft_coefficient__attr_""real""__coeff_87",1.7377964194900244
"open__fft_coefficient__attr_""real""__coeff_88",0.0
"open__fft_coefficient__attr_""real""__coeff_89",0.0
"open__fft_coefficient__attr_""real""__coeff_90",0.0
"open__fft_coefficient__attr_""real""__coeff_91",0.0
"open__fft_coefficient__attr_""real""__coeff_92",0.0
"open__fft_coefficient__attr_""real""__coeff_93",0.0
"open__fft_coefficient__attr_""real""__coeff_94",0.0
"open__fft_coefficient__attr_""real""__coeff_95",0.0
"open__fft_coefficient__attr_""real""__coeff_96",0.0
"open__fft_coefficient__attr_""real""__coeff_97",0.0
"open__fft_coefficient__attr_""real""__coeff_98",0.0
"open__fft_coefficient__attr_""real""__coeff_99",0.0
"open__fft_coefficient__attr_""imag""__coeff_0",0.0
"open__fft_coefficient__attr_""imag""__coeff_1",-276.8049765603211
"open__fft_coefficient__attr_""imag""__coeff_2",267.0065001254207
"open__fft_coefficient__attr_""imag""__coeff_3",398.64050834907454
"open__fft_coefficient__attr_""imag""__coeff_4",365.9203738332005
"open__fft_coefficient__attr_""imag""__coeff_5",232.45531890228034
"open__fft_coefficient__attr_""imag""__coeff_6",165.85759056661306
"open__fft_coefficient__attr_""imag""__coeff_7",218.47255590553894
"open__fft_coefficient__attr_""imag""__coeff_8",144.82266976167782
"open__fft_coefficient__attr_""imag""__coeff_9",57.70754678901618
"open__fft_coefficient__attr_""imag""__coeff_10",52.039163679296976
"open__fft_coefficient__attr_""imag""__coeff_11",0.2245661020223615
"open__fft_coefficient__attr_""imag""__coeff_12",117.6242326123124
"open__fft_coefficient__attr_""imag""__coeff_13",80.56499262151337
"open__fft_coefficient__attr_""imag""__coeff_14",58.49529463666681
"open__fft_coefficient__attr_""imag""__coeff_15",32.870210902814044
"open__fft_coefficient__attr_""imag""__coeff_16",60.99144582914971
"open__fft_coefficient__attr_""imag""__coeff_17",-8.785886018654285
"open__fft_coefficient__attr_""imag""__coeff_18",-35.384890366819135
"open__fft_coefficient__attr_""imag""__coeff_19",-9.797853308142326
"open__fft_coefficient__attr_""imag""__coeff_20",7.408271181226373
"open__fft_coefficient__attr_""imag""__coeff_21",34.58276285687394
"open__fft_coefficient__attr_""imag""__coeff_22",53.767388335953626
"open__fft_coefficient__attr_""imag""__coeff_23",20.682995743020655
"open__fft_coefficient__attr_""imag""__coeff_24",20.240125963768776
"open__fft_coefficient__attr_""imag""__coeff_25",50.20164931089589
"open__fft_coefficient__attr_""imag""__coeff_26",42.040374538275415
"open__fft_coefficient__attr_""imag""__coeff_27",22.810218261383266
"open__fft_coefficient__attr_""imag""__coeff_28",27.91671200624327
"open__fft_coefficient__attr_""imag""__coeff_29",18.751258717274276
"open__fft_coefficient__attr_""imag""__coeff_30",-5.981131001410464
"open__fft_coefficient__attr_""imag""__coeff_31",-3.9201467982953613
"open__fft_coefficient__attr_""imag""__coeff_32",13.130617712995484
"open__fft_coefficient__attr_""imag""__coeff_33",28.519128731150637
"open__fft_coefficient__attr_""imag""__coeff_34",42.5640716726841
"open__fft_coefficient__attr_""imag""__coeff_35",14.56138515059709
"open__fft_coefficient__attr_""imag""__coeff_36",15.724868933210054
"open__fft_coefficient__attr_""imag""__coeff_37",30.214571459604464
"open__fft_coefficient__attr_""imag""__coeff_38",38.104480261239374
"open__fft_coefficient__attr_""imag""__coeff_39",16.36735501944632
"open__fft_coefficient__attr_""imag""__coeff_40",32.338063081741836
"open__fft_coefficient__attr_""imag""__coeff_41",20.74671698969218
"open__fft_coefficient__attr_""imag""__coeff_42",7.299896311311553
"open__fft_coefficient__attr_""imag""__coeff_43",-3.92041322426417
"open__fft_coefficient__attr_""imag""__coeff_44",19.940737318249763
"open__fft_coefficient__attr_""imag""__coeff_45",-3.2256829508221756
"open__fft_coefficient__attr_""imag""__coeff_46",16.867687282795615
"open__fft_coefficient__attr_""imag""__coeff_47",2.556881196443115
"open__fft_coefficient__attr_""imag""__coeff_48",1.1455581321334627
"open__fft_coefficient__attr_""imag""__coeff_49",-20.174829802336838
"open__fft_coefficient__attr_""imag""__coeff_50",-12.792333980553305
"open__fft_coefficient__attr_""imag""__coeff_51",2.148873348984953
"open__fft_coefficient__attr_""imag""__coeff_52",2.7684484416395883
"open__fft_coefficient__attr_""imag""__coeff_53",5.905205377472972
"open__fft_coefficient__attr_""imag""__coeff_54",17.174206743883047
"open__fft_coefficient__attr_""imag""__coeff_55",33.09399027613101
"open__fft_coefficient__attr_""imag""__coeff_56",35.29248536563025
"open__fft_coefficient__attr_""imag""__coeff_57",22.41955623347713
"open__fft_coefficient__attr_""imag""__coeff_58",4.846494486330017
"open__fft_coefficient__attr_""imag""__coeff_59",2.0834679724389265
"open__fft_coefficient__attr_""imag""__coeff_60",21.86580363673063
"open__fft_coefficient__attr_""imag""__coeff_61",13.310747860875606
"open__fft_coefficient__attr_""imag""__coeff_62",-3.0741103447925306
"open__fft_coefficient__attr_""imag""__coeff_63",-8.523982887679015
"open__fft_coefficient__attr_""imag""__coeff_64",-2.8409550909202084
"open__fft_coefficient__attr_""imag""__coeff_65",13.595169338234726
"open__fft_coefficient__attr_""imag""__coeff_66",6.037250044195865
"open__fft_coefficient__attr_""imag""__coeff_67",1.38415858489868
"open__fft_coefficient__attr_""imag""__coeff_68",3.135140402801497
"open__fft_coefficient__attr_""imag""__coeff_69",-1.1643934370929347
"open__fft_coefficient__attr_""imag""__coeff_70",-0.5294454608122878
"open__fft_coefficient__attr_""imag""__coeff_71",-1.7958150998934332
"open__fft_coefficient__attr_""imag""__coeff_72",9.78427709414099
"open__fft_coefficient__attr_""imag""__coeff_73",8.899112623095755
"open__fft_coefficient__attr_""imag""__coeff_74",3.593470282792289
"open__fft_coefficient__attr_""imag""__coeff_75",-8.798731317400453
"open__fft_coefficient__attr_""imag""__coeff_76",-5.260951430956429
"open__fft_coefficient__attr_""imag""__coeff_77",-8.914228488596802
"open__fft_coefficient__attr_""imag""__coeff_78",2.777011505951463
"open__fft_coefficient__attr_""imag""__coeff_79",28.143043925758377
"open__fft_coefficient__attr_""imag""__coeff_80",22.39501057440042
"open__fft_coefficient__attr_""imag""__coeff_81",-0.5579679446522441
"open__fft_coefficient__attr_""imag""__coeff_82",-11.903626566089798
"open__fft_coefficient__attr_""imag""__coeff_83",-3.846272796345014
"open__fft_coefficient__attr_""imag""__coeff_84",10.202009831777785
"open__fft_coefficient__attr_""imag""__coeff_85",9.985282391345322
"open__fft_coefficient__attr_""imag""__coeff_86",-9.87062917955592
"open__fft_coefficient__attr_""imag""__coeff_87",6.093989279645055
"open__fft_coefficient__attr_""imag""__coeff_88",0.0
"open__fft_coefficient__attr_""imag""__coeff_89",0.0
"open__fft_coefficient__attr_""imag""__coeff_90",0.0
"open__fft_coefficient__attr_""imag""__coeff_91",0.0
"open__fft_coefficient__attr_""imag""__coeff_92",0.0
"open__fft_coefficient__attr_""imag""__coeff_93",0.0
"open__fft_coefficient__attr_""imag""__coeff_94",0.0
"open__fft_coefficient__attr_""imag""__coeff_95",0.0
"open__fft_coefficient__attr_""imag""__coeff_96",0.0
"open__fft_coefficient__attr_""imag""__coeff_97",0.0
"open__fft_coefficient__attr_""imag""__coeff_98",0.0
"open__fft_coefficient__attr_""imag""__coeff_99",0.0
"open__fft_coefficient__attr_""abs""__coeff_0",9958.09
"open__fft_coefficient__attr_""abs""__coeff_1",363.6728946538411
"open__fft_coefficient__attr_""abs""__coeff_2",335.6829210378319
"open__fft_coefficient__attr_""abs""__coeff_3",421.48156801314644
"open__fft_coefficient__attr_""abs""__coeff_4",383.3431067170014
"open__fft_coefficient__attr_""abs""__coeff_5",249.16083230684063
"open__fft_coefficient__attr_""abs""__coeff_6",207.36359788943375
"open__fft_coefficient__attr_""abs""__coeff_7",219.81249135858178
"open__fft_coefficient__attr_""abs""__coeff_8",175.30287036808585
"open__fft_coefficient__attr_""abs""__coeff_9",90.41321264123575
"open__fft_coefficient__attr_""abs""__coeff_10",72.28948156265274
"open__fft_coefficient__attr_""abs""__coeff_11",70.58880757026141
"open__fft_coefficient__attr_""abs""__coeff_12",157.2551789411644
"open__fft_coefficient__attr_""abs""__coeff_13",97.17261201771453
"open__fft_coefficient__attr_""abs""__coeff_14",63.01448338297125
"open__fft_coefficient__attr_""abs""__coeff_15",34.11944144531484
"open__fft_coefficient__attr_""abs""__coeff_16",61.063594974449764
"open__fft_coefficient__attr_""abs""__coeff_17",20.343770369575925
"open__fft_coefficient__attr_""abs""__coeff_18",41.04891589690101
"open__fft_coefficient__attr_""abs""__coeff_19",9.997865874551474
"open__fft_coefficient__attr_""abs""__coeff_20",7.716513497169432
"open__fft_coefficient__attr_""abs""__coeff_21",43.03068814539181
"open__fft_coefficient__attr_""abs""__coeff_22",54.47099231508118
"open__fft_coefficient__attr_""abs""__coeff_23",25.531030868651005
"open__fft_coefficient__attr_""abs""__coeff_24",27.934155738570876
"open__fft_coefficient__attr_""abs""__coeff_25",51.72186966621484
"open__fft_coefficient__attr_""abs""__coeff_26",47.20508651664419
"open__fft_coefficient__attr_""abs""__coeff_27",22.93435906246239
"open__fft_coefficient__attr_""abs""__coeff_28",28.150237116495738
"open__fft_coefficient__attr_""abs""__coeff_29",36.50714049451962
"open__fft_coefficient__attr_""abs""__coeff_30",41.47837293339732
"open__fft_coefficient__attr_""abs""__coeff_31",48.84261144275682
"open__fft_coefficient__attr_""abs""__coeff_32",33.628384584932725
"open__fft_coefficient__attr_""abs""__coeff_33",32.24382386884252
"open__fft_coefficient__attr_""abs""__coeff_34",52.85352038162044
"open__fft_coefficient__attr_""abs""__coeff_35",19.59806024551582
"open__fft_coefficient__attr_""abs""__coeff_36",25.917388284727576
"open__fft_coefficient__attr_""abs""__coeff_37",33.44471098120754
"open__fft_coefficient__attr_""abs""__coeff_38",38.369145257169905
"open__fft_coefficient__attr_""abs""__coeff_39",17.01654278846092
"open__fft_coefficient__attr_""abs""__coeff_40",36.66100140433457
"open__fft_coefficient__attr_""abs""__coeff_41",21.365776628302008
"open__fft_coefficient__attr_""abs""__coeff_42",7.37565589872552
"open__fft_coefficient__attr_""abs""__coeff_43",21.770667708745798
"open__fft_coefficient__attr_""abs""__coeff_44",26.656954135270425
"open__fft_coefficient__attr_""abs""__coeff_45",34.06262035480546
"open__fft_coefficient__attr_""abs""__coeff_46",17.281837986676756
"open__fft_coefficient__attr_""abs""__coeff_47",10.813665285665364
"open__fft_coefficient__attr_""abs""__coeff_48",1.2534993548608566
"open__fft_coefficient__attr_""abs""__coeff_49",35.23441859568474
"open__fft_coefficient__attr_""abs""__coeff_50",19.401535913951303
"open__fft_coefficient__attr_""abs""__coeff_51",18.808953016089053
"open__fft_coefficient__attr_""abs""__coeff_52",21.106844870059607
"open__fft_coefficient__attr_""abs""__coeff_53",29.162287391403115
"open__fft_coefficient__attr_""abs""__coeff_54",18.10733062435495
"open__fft_coefficient__attr_""abs""__coeff_55",33.13168339966315
"open__fft_coefficient__attr_""abs""__coeff_56",38.849707576863715
"open__fft_coefficient__attr_""abs""__coeff_57",23.787277500545542
"open__fft_coefficient__attr_""abs""__coeff_58",7.083019522345499
"open__fft_coefficient__attr_""abs""__coeff_59",23.004958518903802
"open__fft_coefficient__attr_""abs""__coeff_60",33.56351186714736
"open__fft_coefficient__attr_""abs""__coeff_61",15.603356674248872
"open__fft_coefficient__attr_""abs""__coeff_62",21.3924496164166
"open__fft_coefficient__attr_""abs""__coeff_63",12.19887111830518
"open__fft_coefficient__attr_""abs""__coeff_64",16.33412484415417
"open__fft_coefficient__attr_""abs""__coeff_65",20.01081459653906
"open__fft_coefficient__attr_""abs""__coeff_66",15.454889966170889
"open__fft_coefficient__attr_""abs""__coeff_67",7.641246405291319
"open__fft_coefficient__attr_""abs""__coeff_68",18.15628814186354
"open__fft_coefficient__attr_""abs""__coeff_69",14.831384118065575
"open__fft_coefficient__attr_""abs""__coeff_70",18.110956203721816
"open__fft_coefficient__attr_""abs""__coeff_71",27.538431117272637
"open__fft_coefficient__attr_""abs""__coeff_72",27.06352248994458
"open__fft_coefficient__attr_""abs""__coeff_73",21.17693195661764
"open__fft_coefficient__attr_""abs""__coeff_74",10.579210762117102
"open__fft_coefficient__attr_""abs""__coeff_75",8.888430818245578
"open__fft_coefficient__attr_""abs""__coeff_76",6.830896183554342
"open__fft_coefficient__attr_""abs""__coeff_77",19.54130818746723
"open__fft_coefficient__attr_""abs""__coeff_78",25.885372343023473
"open__fft_coefficient__attr_""abs""__coeff_79",38.21215710982637
"open__fft_coefficient__attr_""abs""__coeff_80",26.979368128554558
"open__fft_coefficient__attr_""abs""__coeff_81",13.641945046978968
"open__fft_coefficient__attr_""abs""__coeff_82",12.59001327324424
"open__fft_coefficient__attr_""abs""__coeff_83",17.34767087518228
"open__fft_coefficient__attr_""abs""__coeff_84",24.924577026923327
"open__fft_coefficient__attr_""abs""__coeff_85",17.24900590416857
"open__fft_coefficient__attr_""abs""__coeff_86",15.668012192923102
"open__fft_coefficient__attr_""abs""__coeff_87",6.336926836884044
"open__fft_coefficient__attr_""abs""__coeff_88",0.0
"open__fft_coefficient__attr_""abs""__coeff_89",0.0
"open__fft_coefficient__attr_""abs""__coeff_90",0.0
"open__fft_coefficient__attr_""abs""__coeff_91",0.0
"open__fft_coefficient__attr_""abs""__coeff_92",0.0
"open__fft_coefficient__attr_""abs""__coeff_93",0.0
"open__fft_coefficient__attr_""abs""__coeff_94",0.0
"open__fft_coefficient__attr_""abs""__coeff_95",0.0
"open__fft_coefficient__attr_""abs""__coeff_96",0.0
"open__fft_coefficient__attr_""abs""__coeff_97",0.0
"open__fft_coefficient__attr_""abs""__coeff_98",0.0
"open__fft_coefficient__attr_""abs""__coeff_99",0.0
"open__fft_coefficient__attr_""angle""__coeff_0",0.0
"open__fft_coefficient__attr_""angle""__coeff_1",-49.56455564569444
"open__fft_coefficient__attr_""angle""__coeff_2",52.69426529495692
"open__fft_coefficient__attr_""angle""__coeff_3",108.9490537676814
"open__fft_coefficient__attr_""angle""__coeff_4",107.340463059862
"open__fft_coefficient__attr_""angle""__coeff_5",111.10010241908172
"open__fft_coefficient__attr_""angle""__coeff_6",126.88522424504572
"open__fft_coefficient__attr_""angle""__coeff_7",96.329570576923
"open__fft_coefficient__attr_""angle""__coeff_8",55.70305522805899
"open__fft_coefficient__attr_""angle""__coeff_9",39.66253136274865
"open__fft_coefficient__attr_""angle""__coeff_10",133.95609787754486
"open__fft_coefficient__attr_""angle""__coeff_11",179.81772306383695
"open__fft_coefficient__attr_""angle""__coeff_12",131.58402247669332
"open__fft_coefficient__attr_""angle""__coeff_13",123.99446782418892
"open__fft_coefficient__attr_""angle""__coeff_14",111.83122018036607
"open__fft_coefficient__attr_""angle""__coeff_15",105.55220746737793
"open__fft_coefficient__attr_""angle""__coeff_16",92.785510576857
"open__fft_coefficient__attr_""angle""__coeff_17",-154.4136378870379
"open__fft_coefficient__attr_""angle""__coeff_18",-59.54388591389222
"open__fft_coefficient__attr_""angle""__coeff_19",-78.52006807609759
"open__fft_coefficient__attr_""angle""__coeff_20",73.7508895062127
"open__fft_coefficient__attr_""angle""__coeff_21",126.51734710862178
"open__fft_coefficient__attr_""angle""__coeff_22",80.78091701120519
"open__fft_coefficient__attr_""angle""__coeff_23",125.89311959945992
"open__fft_coefficient__attr_""angle""__coeff_24",133.56728412877945
"open__fft_coefficient__attr_""angle""__coeff_25",103.9259013005249
"open__fft_coefficient__attr_""angle""__coeff_26",62.94747064316108
"open__fft_coefficient__attr_""angle""__coeff_27",84.0358618950833
"open__fft_coefficient__attr_""angle""__coeff_28",97.38523097377409
"open__fft_coefficient__attr_""angle""__coeff_29",149.09389796353486
"open__fft_coefficient__attr_""angle""__coeff_30",-171.70911460768266
"open__fft_coefficient__attr_""angle""__coeff_31",-175.39644363781125
"open__fft_coefficient__attr_""angle""__coeff_32",157.01672943943052
"open__fft_coefficient__attr_""angle""__coeff_33",117.81197804740401
"open__fft_coefficient__attr_""angle""__coeff_34",126.35869273345932
"open__fft_coefficient__attr_""angle""__coeff_35",132.01228424315323
"open__fft_coefficient__attr_""angle""__coeff_36",142.64653240600148
"open__fft_coefficient__attr_""angle""__coeff_37",115.38887986175942
"open__fft_coefficient__attr_""angle""__coeff_38",96.73356069632936
"open__fft_coefficient__attr_""angle""__coeff_39",105.87733463515298
"open__fft_coefficient__attr_""angle""__coeff_40",118.1052792423594
"open__fft_coefficient__attr_""angle""__coeff_41",76.17392955269145
"open__fft_coefficient__attr_""angle""__coeff_42",98.21918110061017
"open__fft_coefficient__attr_""angle""__coeff_43",-169.62571046296785
"open__fft_coefficient__attr_""angle""__coeff_44",131.57824696649783
"open__fft_coefficient__attr_""angle""__coeff_45",-174.56602651333156
"open__fft_coefficient__attr_""angle""__coeff_46",102.56877661804988
"open__fft_coefficient__attr_""angle""__coeff_47",166.32294358369026
"open__fft_coefficient__attr_""angle""__coeff_48",113.95168854584307
"open__fft_coefficient__attr_""angle""__coeff_49",-145.06905859449674
"open__fft_coefficient__attr_""angle""__coeff_50",-138.7499510222178
"open__fft_coefficient__attr_""angle""__coeff_51",173.4397837828378
"open__fft_coefficient__attr_""angle""__coeff_52",172.46316613039977
"open__fft_coefficient__attr_""angle""__coeff_53",168.31712619783613
"open__fft_coefficient__attr_""angle""__coeff_54",108.47408682836105
"open__fft_coefficient__attr_""angle""__coeff_55",92.73330518543492
"open__fft_coefficient__attr_""angle""__coeff_56",65.29014904186168
"open__fft_coefficient__attr_""angle""__coeff_57",70.47606859221695
"open__fft_coefficient__attr_""angle""__coeff_58",43.17596887498239
"open__fft_coefficient__attr_""angle""__coeff_59",174.80382826879912
"open__fft_coefficient__attr_""angle""__coeff_60",139.34706374358595
"open__fft_coefficient__attr_""angle""__coeff_61",121.4528873040964
"open__fft_coefficient__attr_""angle""__coeff_62",-171.73795218352006
"open__fft_coefficient__attr_""angle""__coeff_63",-135.67305540724357
"open__fft_coefficient__attr_""angle""__coeff_64",-169.98374304416961
"open__fft_coefficient__attr_""angle""__coeff_65",137.20392025485145
"open__fft_coefficient__attr_""angle""__coeff_66",157.00586607319215
"open__fft_coefficient__attr_""angle""__coeff_67",169.56365441361726
"open__fft_coefficient__attr_""angle""__coeff_68",170.05660349624736
"open__fft_coefficient__attr_""angle""__coeff_69",-175.49714618122837
"open__fft_coefficient__attr_""angle""__coeff_70",-178.32480889522773
"open__fft_coefficient__attr_""angle""__coeff_71",-176.26101825792634
"open__fft_coefficient__attr_""angle""__coeff_72",158.80580756567994
"open__fft_coefficient__attr_""angle""__coeff_73",24.84890199854684
"open__fft_coefficient__attr_""angle""__coeff_74",19.85694135252034
"open__fft_coefficient__attr_""angle""__coeff_75",-81.85321970885411
"open__fft_coefficient__attr_""angle""__coeff_76",-129.63084129916749
"open__fft_coefficient__attr_""angle""__coeff_77",-152.85953019756764
"open__fft_coefficient__attr_""angle""__coeff_78",173.8413928823618
"open__fft_coefficient__attr_""angle""__coeff_79",132.56634844632234
"open__fft_coefficient__attr_""angle""__coeff_80",123.89313200292756
"open__fft_coefficient__attr_""angle""__coeff_81",-177.65589669191195
"open__fft_coefficient__attr_""angle""__coeff_82",-70.99350324316062
"open__fft_coefficient__attr_""angle""__coeff_83",-167.19010182677027
"open__fft_coefficient__attr_""angle""__coeff_84",155.83817197185607
"open__fft_coefficient__attr_""angle""__coeff_85",144.62746918342762
"open__fft_coefficient__attr_""angle""__coeff_86",-140.95090634755834
"open__fft_coefficient__attr_""angle""__coeff_87",74.08367035641469
"open__fft_coefficient__attr_""angle""__coeff_88",0.0
"open__fft_coefficient__attr_""angle""__coeff_89",0.0
"open__fft_coefficient__attr_""angle""__coeff_90",0.0
"open__fft_coefficient__attr_""angle""__coeff_91",0.0
"open__fft_coefficient__attr_""angle""__coeff_92",0.0
"open__fft_coefficient__attr_""angle""__coeff_93",0.0
"open__fft_coefficient__attr_""angle""__coeff_94",0.0
"open__fft_coefficient__attr_""angle""__coeff_95",0.0
"open__fft_coefficient__attr_""angle""__coeff_96",0.0
"open__fft_coefficient__attr_""angle""__coeff_97",0.0
"open__fft_coefficient__attr_""angle""__coeff_98",0.0
"open__fft_coefficient__attr_""angle""__coeff_99",0.0
"open__fft_aggregated__aggtype_""centroid""",6.691607160677868
"open__fft_aggregated__aggtype_""variance""",273.77520246152704
"open__fft_aggregated__aggtype_""skew""",3.029267424062671
"open__fft_aggregated__aggtype_""kurtosis""",11.790380064077777
open__value_count__value_0,0.0
open__value_count__value_1,0.0
open__value_count__value_-1,0.0
open__range_count__max_1__min_-1,0.0
open__range_count__max_0__min_-1000000000000.0,0.0
open__range_count__max_1000000000000.0__min_0,175.0
open__approximate_entropy__m_2__r_0.1,0.5910076203178436
open__approximate_entropy__m_2__r_0.3,0.5339556273177868
open__approximate_entropy__m_2__r_0.5,0.3128957815184501
open__approximate_entropy__m_2__r_0.7,0.20434143299826446
open__approximate_entropy__m_2__r_0.9,0.13628076769239117
open__friedrich_coefficients__coeff_0__m_3__r_30,-0.00014608646074069098
open__friedrich_coefficients__coeff_1__m_3__r_30,0.026165793584495688
open__friedrich_coefficients__coeff_2__m_3__r_30,-1.5766071713866343
open__friedrich_coefficients__coeff_3__m_3__r_30,32.017403054116194
open__max_langevin_fixed_point__m_3__r_30,63.72465105031249
"open__linear_trend__attr_""pvalue""",0.0020728787176947025
"open__linear_trend__attr_""rvalue""",0.23128758295081753
"open__linear_trend__attr_""intercept""",53.90579870129871
"open__linear_trend__attr_""slope""",0.03445485893416928
"open__linear_trend__attr_""stderr""",0.011018863548985437
"open__agg_linear_trend__attr_""rvalue""__chunk_len_5__f_agg_""max""",0.16273619361558841
"open__agg_linear_trend__attr_""rvalue""__chunk_len_5__f_agg_""min""",0.29751281360610665
"open__agg_linear_trend__attr_""rvalue""__chunk_len_5__f_agg_""mean""",0.23932161226399556
"open__agg_linear_trend__attr_""rvalue""__chunk_len_5__f_agg_""var""",-0.35982991569624706
"open__agg_linear_trend__attr_""rvalue""__chunk_len_10__f_agg_""max""",0.18207080336867423
"open__agg_linear_trend__attr_""rvalue""__chunk_len_10__f_agg_""min""",0.4242799461024859
"open__agg_linear_trend__attr_""rvalue""__chunk_len_10__f_agg_""mean""",0.3166819613203408
"open__agg_linear_trend__attr_""rvalue""__chunk_len_10__f_agg_""var""",-0.21127675406777113
"open__agg_linear_trend__attr_""rvalue""__chunk_len_50__f_agg_""max""",0.37994113720461126
"open__agg_linear_trend__attr_""rvalue""__chunk_len_50__f_agg_""min""",0.7325208667561689
"open__agg_linear_trend__attr_""rvalue""__chunk_len_50__f_agg_""mean""",0.5014102458185703
"open__agg_linear_trend__attr_""rvalue""__chunk_len_50__f_agg_""var""",-0.41481026942431476
"open__agg_linear_trend__attr_""intercept""__chunk_len_5__f_agg_""max""",57.032285714285706
"open__agg_linear_trend__attr_""intercept""__chunk_len_5__f_agg_""min""",51.24
"open__agg_linear_trend__attr_""intercept""__chunk_len_5__f_agg_""mean""",53.98214285714286
"open__agg_linear_trend__attr_""intercept""__chunk_len_5__f_agg_""var""",7.994211352380953
"open__agg_linear_trend__attr_""intercept""__chunk_len_10__f_agg_""max""",58.88134502923976
"open__agg_linear_trend__attr_""intercept""__chunk_len_10__f_agg_""min""",49.1693567251462
"open__agg_linear_trend__attr_""intercept""__chunk_len_10__f_agg_""mean""",53.54279532163743
"open__agg_linear_trend__attr_""intercept""__chunk_len_10__f_agg_""var""",11.419107590643272
"open__agg_linear_trend__attr_""intercept""__chunk_len_50__f_agg_""max""",62.758
"open__agg_linear_trend__attr_""intercept""__chunk_len_50__f_agg_""min""",44.571999999999996
"open__agg_linear_trend__attr_""intercept""__chunk_len_50__f_agg_""mean""",53.896740000000015
"open__agg_linear_trend__attr_""intercept""__chunk_len_50__f_agg_""var""",36.12942314
"open__agg_linear_trend__attr_""slope""__chunk_len_5__f_agg_""max""",0.12336134453781515
"open__agg_linear_trend__attr_""slope""__chunk_len_5__f_agg_""min""",0.21173109243697483
"open__agg_linear_trend__attr_""slope""__chunk_len_5__f_agg_""mean""",0.17183697478991575
"open__agg_linear_trend__attr_""slope""__chunk_len_5__f_agg_""var""",-0.23212794173669474
"open__agg_linear_trend__attr_""slope""__chunk_len_10__f_agg_""max""",0.29029927760577917
"open__agg_linear_trend__attr_""slope""__chunk_len_10__f_agg_""min""",0.551186790505676
"open__agg_linear_trend__attr_""slope""__chunk_len_10__f_agg_""mean""",0.44317440660474716
"open__agg_linear_trend__attr_""slope""__chunk_len_10__f_agg_""var""",-0.38242521981424116
"open__agg_linear_trend__attr_""slope""__chunk_len_50__f_agg_""max""",2.8030000000000017
"open__agg_linear_trend__attr_""slope""__chunk_len_50__f_agg_""min""",3.8870000000000005
"open__agg_linear_trend__attr_""slope""__chunk_len_50__f_agg_""mean""",3.027339999999994
"open__agg_linear_trend__attr_""slope""__chunk_len_50__f_agg_""var""",-8.007921020000001
"open__agg_linear_trend__attr_""stderr""__chunk_len_5__f_agg_""max""",0.1301996225280659
"open__agg_linear_trend__attr_""stderr""__chunk_len_5__f_agg_""min""",0.118276107791863
"open__agg_linear_trend__attr_""stderr""__chunk_len_5__f_agg_""mean""",0.12135852202922422
"open__agg_linear_trend__attr_""stderr""__chunk_len_5__f_agg_""var""",0.10477632625638188
"open__agg_linear_trend__attr_""stderr""__chunk_len_10__f_agg_""max""",0.391945115057657
"open__agg_linear_trend__attr_""stderr""__chunk_len_10__f_agg_""min""",0.2940963692597246
"open__agg_linear_trend__attr_""stderr""__chunk_len_10__f_agg_""mean""",0.33185108370107835
"open__agg_linear_trend__attr_""stderr""__chunk_len_10__f_agg_""var""",0.4423019249090561
"open__agg_linear_trend__attr_""stderr""__chunk_len_50__f_agg_""max""",4.825457802115776
"open__agg_linear_trend__attr_""stderr""__chunk_len_50__f_agg_""min""",2.554251945286525
"open__agg_linear_trend__attr_""stderr""__chunk_len_50__f_agg_""mean""",3.6938083590245987
"open__agg_linear_trend__attr_""stderr""__chunk_len_50__f_agg_""var""",12.420890510003554
"open__augmented_dickey_fuller__attr_""teststat""__autolag_""AIC""",-1.4832082272159537
"open__augmented_dickey_fuller__attr_""pvalue""__autolag_""AIC""",0.5418010330304661
"open__augmented_dickey_fuller__attr_""usedlag""__autolag_""AIC""",8.0
open__number_crossing_m__m_0,0.0
open__number_crossing_m__m_-1,0.0
open__number_crossing_m__m_1,0.0
open__energy_ratio_by_chunks__num_segments_10__segment_focus_0,0.072722347126411
open__energy_ratio_by_chunks__num_segments_10__segment_focus_1,0.11874499462513116
open__energy_ratio_by_chunks__num_segments_10__segment_focus_2,0.11590939822837117
open__energy_ratio_by_chunks__num_segments_10__segment_focus_3,0.1033547941453972
open__energy_ratio_by_chunks__num_segments_10__segment_focus_4,0.10387162393513524
open__energy_ratio_by_chunks__num_segments_10__segment_focus_5,0.08903573105501199
open__energy_ratio_by_chunks__num_segments_10__segment_focus_6,0.07431360988710752
open__energy_ratio_by_chunks__num_segments_10__segment_focus_7,0.06993181214092899
open__energy_ratio_by_chunks__num_segments_10__segment_focus_8,0.09926026146521486
open__energy_ratio_by_chunks__num_segments_10__segment_focus_9,0.15285542739129077
open__ratio_beyond_r_sigma__r_0.5,0.5771428571428572
open__ratio_beyond_r_sigma__r_1,0.3314285714285714
open__ratio_beyond_r_sigma__r_1.5,0.12571428571428572
open__ratio_beyond_r_sigma__r_2,0.045714285714285714
open__ratio_beyond_r_sigma__r_2.5,0.022857142857142857
open__ratio_beyond_r_sigma__r_3,0.0
open__ratio_beyond_r_sigma__r_5,0.0
open__ratio_beyond_r_sigma__r_6,0.0
open__ratio_beyond_r_sigma__r_7,0.0
open__ratio_beyond_r_sigma__r_10,0.0
open__count_above__t_0,1.0
open__count_below__t_0,0.0
open__lempel_ziv_complexity__bins_2,0.15428571428571428
open__lempel_ziv_complexity__bins_3,0.2057142857142857
open__lempel_ziv_complexity__bins_5,0.28
open__lempel_ziv_complexity__bins_10,0.37714285714285717
open__lempel_ziv_complexity__bins_100,0.6571428571428571
open__fourier_entropy__bins_2,0.06217765171742484
open__fourier_entropy__bins_3,0.12422468404864209
open__fourier_entropy__bins_5,0.17038623308278839
open__fourier_entropy__bins_10,0.24792077921867983
open__fourier_entropy__bins_100,0.7350573237791287
open__permutation_entropy__dimension_3__tau_1,1.7447976146132855
open__permutation_entropy__dimension_4__tau_1,3.0118281442762926
open__permutation_entropy__dimension_5__tau_1,4.15111984595683
open__permutation_entropy__dimension_6__tau_1,4.774834601581893
open__permutation_entropy__dimension_7__tau_1,5.031463612358348
open__query_similarity_count__query_None__threshold_0.0,0.0
open__mean_n_absolute_max__number_of_maxima_7,75.64714285714285
volume__variance_larger_than_standard_deviation,1.0
volume__has_duplicate_max,0.0
volume__has_duplicate_min,0.0
volume__has_duplicate,0.0
volume__sum_values,29295377064.0
volume__abs_energy,6.071818395453143e+18
volume__mean_abs_change,42438059.72413793
volume__mean_change,-82363.67816091955
volume__mean_second_derivative_central,79433.66473988439
volume__median,148018336.0
volume__mean,167402154.65142858
volume__length,175.0
volume__standard_deviation,81686129.39131281
volume__variation_coefficient,0.48796342891405975
volume__variance,6672623734934298.0
volume__skewness,1.4070775196800578
volume__kurtosis,3.035554842551552
volume__root_mean_square,186268905.39452663
volume__absolute_sum_of_changes,7384222392.0
volume__longest_strike_below_mean,28.0
volume__longest_strike_above_mean,13.0
volume__count_above_mean,75.0
volume__count_below_mean,100.0
volume__last_location_of_maximum,0.11428571428571432
volume__first_location_of_maximum,0.10857142857142857
volume__last_location_of_minimum,0.4342857142857143
volume__first_location_of_minimum,0.42857142857142855
volume__percentage_of_reoccurring_values_to_all_values,0.0
volume__percentage_of_reoccurring_datapoints_to_all_datapoints,0.0
volume__sum_of_reoccurring_values,0.0
volume__sum_of_reoccurring_data_points,0.0
volume__ratio_value_number_to_time_series_length,1.0
volume__sample_entropy,1.3414087778837132
volume__maximum,554123904.0
volume__absolute_maximum,554123904.0
volume__minimum,59964676.0
volume__benford_correlation,0.9181203074870506
volume__time_reversal_asymmetry_statistic__lag_1,-1.8438087631747978e+23
volume__time_reversal_asymmetry_statistic__lag_2,-1.1548171967077183e+23
volume__time_reversal_asymmetry_statistic__lag_3,-4.02428259526346e+22
volume__c3__lag_1,6.806919617283396e+24
volume__c3__lag_2,6.518552317515562e+24
volume__c3__lag_3,6.503201538435016e+24
volume__cid_ce__normalize_True,11.083459613606973
volume__cid_ce__normalize_False,905364916.1004891
volume__symmetry_looking__r_0.0,0.0
volume__symmetry_looking__r_0.05,1.0
volume__symmetry_looking__r_0.1,1.0
volume__symmetry_looking__r_0.15000000000000002,1.0
volume__symmetry_looking__r_0.2,1.0
volume__symmetry_looking__r_0.25,1.0
volume__symmetry_looking__r_0.30000000000000004,1.0
volume__symmetry_looking__r_0.35000000000000003,1.0
volume__symmetry_looking__r_0.4,1.0
volume__symmetry_looking__r_0.45,1.0
volume__symmetry_looking__r_0.5,1.0
volume__symmetry_looking__r_0.55,1.0
volume__symmetry_looking__r_0.6000000000000001,1.0
volume__symmetry_looking__r_0.65,1.0
volume__symmetry_looking__r_0.7000000000000001,1.0
volume__symmetry_looking__r_0.75,1.0
volume__symmetry_looking__r_0.8,1.0
volume__symmetry_looking__r_0.8500000000000001,1.0
volume__symmetry_looking__r_0.9,1.0
volume__symmetry_looking__r_0.9500000000000001,1.0
volume__large_standard_deviation__r_0.05,1.0
volume__large_standard_deviation__r_0.1,1.0
volume__large_standard_deviation__r_0.15000000000000002,1.0
volume__large_standard_deviation__r_0.2,0.0
volume__large_standard_deviation__r_0.25,0.0
volume__large_standard_deviation__r_0.30000000000000004,0.0
volume__large_standard_deviation__r_0.35000000000000003,0.0
volume__large_standard_deviation__r_0.4,0.0
volume__large_standard_deviation__r_0.45,0.0
volume__large_standard_deviation__r_0.5,0.0
volume__large_standard_deviation__r_0.55,0.0
volume__large_standard_deviation__r_0.6000000000000001,0.0
volume__large_standard_deviation__r_0.65,0.0
volume__large_standard_deviation__r_0.7000000000000001,0.0
volume__large_standard_deviation__r_0.75,0.0
volume__large_standard_deviation__r_0.8,0.0
volume__large_standard_deviation__r_0.8500000000000001,0.0
volume__large_standard_deviation__r_0.9,0.0
volume__large_standard_deviation__r_0.9500000000000001,0.0
volume__quantile__q_0.1,80786000.0
volume__quantile__q_0.2,96924646.4
volume__quantile__q_0.3,109904899.2
volume__quantile__q_0.4,130911363.20000003
volume__quantile__q_0.6,175879052.79999998
volume__quantile__q_0.7,198741868.8
volume__quantile__q_0.8,230070662.40000004
volume__quantile__q_0.9,262737593.6
volume__autocorrelation__lag_0,1.0
volume__autocorrelation__lag_1,0.6521052070016611
volume__autocorrelation__lag_2,0.5365625722073519
volume__autocorrelation__lag_3,0.5296718674457328
volume__autocorrelation__lag_4,0.5120959645830081
volume__autocorrelation__lag_5,0.4654226438483668
volume__autocorrelation__lag_6,0.4488828004549443
volume__autocorrelation__lag_7,0.4909027695692048
volume__autocorrelation__lag_8,0.494054943873836
volume__autocorrelation__lag_9,0.4581377128530495
"volume__agg_autocorrelation__f_agg_""mean""__maxlag_40",0.1401531306537438
"volume__agg_autocorrelation__f_agg_""median""__maxlag_40",0.10072309142159486
"volume__agg_autocorrelation__f_agg_""var""__maxlag_40",0.06177257780530245
volume__partial_autocorrelation__lag_0,1.0
volume__partial_autocorrelation__lag_1,0.6521052070016611
volume__partial_autocorrelation__lag_2,0.1936836311198718
volume__partial_autocorrelation__lag_3,0.21916848909380612
volume__partial_autocorrelation__lag_4,0.1349460760988969
volume__partial_autocorrelation__lag_5,0.0512609642395419
volume__partial_autocorrelation__lag_6,0.0720319985529243
volume__partial_autocorrelation__lag_7,0.16029302149970542
volume__partial_autocorrelation__lag_8,0.09800544704509072
volume__partial_autocorrelation__lag_9,0.028257908767481524
volume__number_cwt_peaks__n_1,21.0
volume__number_cwt_peaks__n_5,22.0
volume__number_peaks__n_1,51.0
volume__number_peaks__n_3,21.0
volume__number_peaks__n_5,13.0
volume__number_peaks__n_10,5.0
volume__number_peaks__n_50,1.0
volume__binned_entropy__max_bins_10,1.7181857955819628
volume__index_mass_quantile__q_0.1,0.08
volume__index_mass_quantile__q_0.2,0.13714285714285715
volume__index_mass_quantile__q_0.3,0.21142857142857144
volume__index_mass_quantile__q_0.4,0.33714285714285713
volume__index_mass_quantile__q_0.6,0.5942857142857143
volume__index_mass_quantile__q_0.7,0.7485714285714286
volume__index_mass_quantile__q_0.8,0.8514285714285714
volume__index_mass_quantile__q_0.9,0.92
"volume__cwt_coefficients__coeff_0__w_2__widths_(2, 5, 10, 20)",32397044.630843148
"volume__cwt_coefficients__coeff_0__w_5__widths_(2, 5, 10, 20)",-80934960.56070325
"volume__cwt_coefficients__coeff_0__w_10__widths_(2, 5, 10, 20)",-199867971.6040459
"volume__cwt_coefficients__coeff_0__w_20__widths_(2, 5, 10, 20)",63605931.45556862
"volume__cwt_coefficients__coeff_1__w_2__widths_(2, 5, 10, 20)",124991404.78118037
"volume__cwt_coefficients__coeff_1__w_5__widths_(2, 5, 10, 20)",-40011304.53585313
"volume__cwt_coefficients__coeff_1__w_10__widths_(2, 5, 10, 20)",-145186473.8267177
"volume__cwt_coefficients__coeff_1__w_20__widths_(2, 5, 10, 20)",130891630.12255174
"volume__cwt_coefficients__coeff_2__w_2__widths_(2, 5, 10, 20)",132016665.92665467
"volume__cwt_coefficients__coeff_2__w_5__widths_(2, 5, 10, 20)",-2551209.1447876836
"volume__cwt_coefficients__coeff_2__w_10__widths_(2, 5, 10, 20)",-91312762.34804735
"volume__cwt_coefficients__coeff_2__w_20__widths_(2, 5, 10, 20)",195464080.75138435
"volume__cwt_coefficients__coeff_3__w_2__widths_(2, 5, 10, 20)",55642339.015692815
"volume__cwt_coefficients__coeff_3__w_5__widths_(2, 5, 10, 20)",28474715.350927547
"volume__cwt_coefficients__coeff_3__w_10__widths_(2, 5, 10, 20)",-29501525.359747212
"volume__cwt_coefficients__coeff_3__w_20__widths_(2, 5, 10, 20)",259741675.03871745
"volume__cwt_coefficients__coeff_4__w_2__widths_(2, 5, 10, 20)",-39722978.32286477
"volume__cwt_coefficients__coeff_4__w_5__widths_(2, 5, 10, 20)",52017142.35575188
"volume__cwt_coefficients__coeff_4__w_10__widths_(2, 5, 10, 20)",29919828.883244917
"volume__cwt_coefficients__coeff_4__w_20__widths_(2, 5, 10, 20)",323560704.16367716
"volume__cwt_coefficients__coeff_5__w_2__widths_(2, 5, 10, 20)",-83899268.52819733
"volume__cwt_coefficients__coeff_5__w_5__widths_(2, 5, 10, 20)",69888293.32419185
"volume__cwt_coefficients__coeff_5__w_10__widths_(2, 5, 10, 20)",90679549.32833113
"volume__cwt_coefficients__coeff_5__w_20__widths_(2, 5, 10, 20)",386481719.10370475
"volume__cwt_coefficients__coeff_6__w_2__widths_(2, 5, 10, 20)",-53029184.80771506
"volume__cwt_coefficients__coeff_6__w_5__widths_(2, 5, 10, 20)",83425984.91658145
"volume__cwt_coefficients__coeff_6__w_10__widths_(2, 5, 10, 20)",154365805.69187772
"volume__cwt_coefficients__coeff_6__w_20__widths_(2, 5, 10, 20)",454326466.4564797
"volume__cwt_coefficients__coeff_7__w_2__widths_(2, 5, 10, 20)",9270949.904941926
"volume__cwt_coefficients__coeff_7__w_5__widths_(2, 5, 10, 20)",92977754.22255878
"volume__cwt_coefficients__coeff_7__w_10__widths_(2, 5, 10, 20)",214872276.18291134
"volume__cwt_coefficients__coeff_7__w_20__widths_(2, 5, 10, 20)",514883480.4496066
"volume__cwt_coefficients__coeff_8__w_2__widths_(2, 5, 10, 20)",33265304.55457774
"volume__cwt_coefficients__coeff_8__w_5__widths_(2, 5, 10, 20)",99451806.26970272
"volume__cwt_coefficients__coeff_8__w_10__widths_(2, 5, 10, 20)",274051449.92582154
"volume__cwt_coefficients__coeff_8__w_20__widths_(2, 5, 10, 20)",573824111.5545276
"volume__cwt_coefficients__coeff_9__w_2__widths_(2, 5, 10, 20)",8112906.911577516
"volume__cwt_coefficients__coeff_9__w_5__widths_(2, 5, 10, 20)",102292391.43620686
"volume__cwt_coefficients__coeff_9__w_10__widths_(2, 5, 10, 20)",328091337.90933883
"volume__cwt_coefficients__coeff_9__w_20__widths_(2, 5, 10, 20)",628967852.9971138
"volume__cwt_coefficients__coeff_10__w_2__widths_(2, 5, 10, 20)",1584765.764195288
"volume__cwt_coefficients__coeff_10__w_5__widths_(2, 5, 10, 20)",102551556.94510947
"volume__cwt_coefficients__coeff_10__w_10__widths_(2, 5, 10, 20)",379707362.93651223
"volume__cwt_coefficients__coeff_10__w_20__widths_(2, 5, 10, 20)",680583191.2949197
"volume__cwt_coefficients__coeff_11__w_2__widths_(2, 5, 10, 20)",60032084.157450855
"volume__cwt_coefficients__coeff_11__w_5__widths_(2, 5, 10, 20)",98274589.30151325
"volume__cwt_coefficients__coeff_11__w_10__widths_(2, 5, 10, 20)",425702073.7215127
"volume__cwt_coefficients__coeff_11__w_20__widths_(2, 5, 10, 20)",736961843.4414631
"volume__cwt_coefficients__coeff_12__w_2__widths_(2, 5, 10, 20)",121943205.21636435
"volume__cwt_coefficients__coeff_12__w_5__widths_(2, 5, 10, 20)",90038908.53233
"volume__cwt_coefficients__coeff_12__w_10__widths_(2, 5, 10, 20)",471340805.92386264
"volume__cwt_coefficients__coeff_12__w_20__widths_(2, 5, 10, 20)",780717256.0897013
"volume__cwt_coefficients__coeff_13__w_2__widths_(2, 5, 10, 20)",93148857.16655557
"volume__cwt_coefficients__coeff_13__w_5__widths_(2, 5, 10, 20)",86335605.27264087
"volume__cwt_coefficients__coeff_13__w_10__widths_(2, 5, 10, 20)",505244828.2239744
"volume__cwt_coefficients__coeff_13__w_20__widths_(2, 5, 10, 20)",823262066.3999454
"volume__cwt_coefficients__coeff_14__w_2__widths_(2, 5, 10, 20)",-17314927.182997245
"volume__cwt_coefficients__coeff_14__w_5__widths_(2, 5, 10, 20)",89477922.55339074
"volume__cwt_coefficients__coeff_14__w_10__widths_(2, 5, 10, 20)",534642570.4117857
"volume__cwt_coefficients__coeff_14__w_20__widths_(2, 5, 10, 20)",858636748.8393474
volume__spkt_welch_density__coeff_2,1.2073794761741478e+16
volume__spkt_welch_density__coeff_5,4.8416657519159016e+16
volume__spkt_welch_density__coeff_8,4086918543770854.0
volume__ar_coefficient__coeff_0__k_10,21646549.899656985
volume__ar_coefficient__coeff_1__k_10,0.42060372655311373
volume__ar_coefficient__coeff_2__k_10,0.04486563309611421
volume__ar_coefficient__coeff_3__k_10,0.147709989110168
volume__ar_coefficient__coeff_4__k_10,0.06486210255926837
volume__ar_coefficient__coeff_5__k_10,0.005847465371647407
volume__ar_coefficient__coeff_6__k_10,-0.018138008197002172
volume__ar_coefficient__coeff_7__k_10,0.11410682155052601
volume__ar_coefficient__coeff_8__k_10,0.07379880965365802
volume__ar_coefficient__coeff_9__k_10,0.03660415070714776
volume__ar_coefficient__coeff_10__k_10,-0.021322791098760736
"volume__change_quantiles__f_agg_""mean""__isabs_False__qh_0.2__ql_0.0",906543.6
"volume__change_quantiles__f_agg_""var""__isabs_False__qh_0.2__ql_0.0",91336911851675.03
"volume__change_quantiles__f_agg_""mean""__isabs_True__qh_0.2__ql_0.0",7871066.4
"volume__change_quantiles__f_agg_""var""__isabs_True__qh_0.2__ql_0.0",30205046877167.03
"volume__change_quantiles__f_agg_""mean""__isabs_False__qh_0.4__ql_0.0",-1603070.2745098039
"volume__change_quantiles__f_agg_""var""__isabs_False__qh_0.4__ql_0.0",390651125088906.2
"volume__change_quantiles__f_agg_""mean""__isabs_True__qh_0.4__ql_0.0",15305225.411764706
"volume__change_quantiles__f_agg_""var""__isabs_True__qh_0.4__ql_0.0",158971034488995.03
"volume__change_quantiles__f_agg_""mean""__isabs_False__qh_0.6__ql_0.0",-2358962.8764044945
"volume__change_quantiles__f_agg_""var""__isabs_False__qh_0.6__ql_0.0",757114661445617.8
"volume__change_quantiles__f_agg_""mean""__isabs_True__qh_0.6__ql_0.0",21811521.348314606
"volume__change_quantiles__f_agg_""var""__isabs_True__qh_0.6__ql_0.0",286936903769888.4
"volume__change_quantiles__f_agg_""mean""__isabs_False__qh_0.8__ql_0.0",-972115.3650793651
"volume__change_quantiles__f_agg_""var""__isabs_False__qh_0.8__ql_0.0",1263825964674996.8
"volume__change_quantiles__f_agg_""mean""__isabs_True__qh_0.8__ql_0.0",26522364.57142857
"volume__change_quantiles__f_agg_""var""__isabs_True__qh_0.8__ql_0.0",561335150498250.8
"volume__change_quantiles__f_agg_""mean""__isabs_False__qh_1.0__ql_0.0",-82363.67816091955
"volume__change_quantiles__f_agg_""var""__isabs_False__qh_1.0__ql_0.0",4710830177751219.0
"volume__change_quantiles__f_agg_""mean""__isabs_True__qh_1.0__ql_0.0",42438059.72413793
"volume__change_quantiles__f_agg_""var""__isabs_True__qh_1.0__ql_0.0",2909848048377201.5
"volume__change_quantiles__f_agg_""mean""__isabs_False__qh_0.4__ql_0.2",938072.6153846154
"volume__change_quantiles__f_agg_""var""__isabs_False__qh_0.4__ql_0.2",173097262599664.88
"volume__change_quantiles__f_agg_""mean""__isabs_True__qh_0.4__ql_0.2",10696104.615384616
"volume__change_quantiles__f_agg_""var""__isabs_True__qh_0.4__ql_0.2",59570588888147.32
"volume__change_quantiles__f_agg_""mean""__isabs_False__qh_0.6__ql_0.2",-2881643.8181818184
"volume__change_quantiles__f_agg_""var""__isabs_False__qh_0.6__ql_0.2",662426017394450.9
"volume__change_quantiles__f_agg_""mean""__isabs_True__qh_0.6__ql_0.2",21174106.363636363
"volume__change_quantiles__f_agg_""var""__isabs_True__qh_0.6__ql_0.2",222387108190730.4
"volume__change_quantiles__f_agg_""mean""__isabs_False__qh_0.8__ql_0.2",-1934171.7948717948
"volume__change_quantiles__f_agg_""var""__isabs_False__qh_0.8__ql_0.2",1131092961037201.5
"volume__change_quantiles__f_agg_""mean""__isabs_True__qh_0.8__ql_0.2",25935140.82051282
"volume__change_quantiles__f_agg_""var""__isabs_True__qh_0.8__ql_0.2",462202452189448.7
"volume__change_quantiles__f_agg_""mean""__isabs_False__qh_1.0__ql_0.2",-2234919.7419354836
"volume__change_quantiles__f_agg_""var""__isabs_False__qh_1.0__ql_0.2",3874473696209481.0
"volume__change_quantiles__f_agg_""mean""__isabs_True__qh_1.0__ql_0.2",43323195.48387097
"volume__change_quantiles__f_agg_""var""__isabs_True__qh_1.0__ql_0.2",2002569295528675.2
"volume__change_quantiles__f_agg_""mean""__isabs_False__qh_0.6__ql_0.4",-3124750.5454545454
"volume__change_quantiles__f_agg_""var""__isabs_False__qh_0.6__ql_0.4",392937452099512.06
"volume__change_quantiles__f_agg_""mean""__isabs_True__qh_0.6__ql_0.4",16416762.181818182
"volume__change_quantiles__f_agg_""var""__isabs_True__qh_0.6__ql_0.4",133191437536454.89
"volume__change_quantiles__f_agg_""mean""__isabs_False__qh_0.8__ql_0.4",-2522234.536585366
"volume__change_quantiles__f_agg_""var""__isabs_False__qh_0.8__ql_0.4",890172090203056.2
"volume__change_quantiles__f_agg_""mean""__isabs_True__qh_0.8__ql_0.4",23152845.268292684
"volume__change_quantiles__f_agg_""var""__isabs_True__qh_0.8__ql_0.4",360479513243097.4
"volume__change_quantiles__f_agg_""mean""__isabs_False__qh_1.0__ql_0.4",-5937724.0470588235
"volume__change_quantiles__f_agg_""var""__isabs_False__qh_1.0__ql_0.4",4566459896436699.0
"volume__change_quantiles__f_agg_""mean""__isabs_True__qh_1.0__ql_0.4",47333783.90588235
"volume__change_quantiles__f_agg_""var""__isabs_True__qh_1.0__ql_0.4",2361229364446952.5
"volume__change_quantiles__f_agg_""mean""__isabs_False__qh_0.8__ql_0.6",1663318.4
"volume__change_quantiles__f_agg_""var""__isabs_False__qh_0.8__ql_0.6",194030016083722.22
"volume__change_quantiles__f_agg_""mean""__isabs_True__qh_0.8__ql_0.6",10510951.466666667
"volume__change_quantiles__f_agg_""var""__isabs_True__qh_0.8__ql_0.6",86316543448878.66
"volume__change_quantiles__f_agg_""mean""__isabs_False__qh_1.0__ql_0.6",-9818421.735849056
"volume__change_quantiles__f_agg_""var""__isabs_False__qh_1.0__ql_0.6",4117122385981181.0
"volume__change_quantiles__f_agg_""mean""__isabs_True__qh_1.0__ql_0.6",45508132.2264151
"volume__change_quantiles__f_agg_""var""__isabs_True__qh_1.0__ql_0.6",2142533692627293.2
"volume__change_quantiles__f_agg_""mean""__isabs_False__qh_1.0__ql_0.8",-20561802.90909091
"volume__change_quantiles__f_agg_""var""__isabs_False__qh_1.0__ql_0.8",5661590786251971.0
"volume__change_quantiles__f_agg_""mean""__isabs_True__qh_1.0__ql_0.8",52663922.18181818
"volume__change_quantiles__f_agg_""var""__isabs_True__qh_1.0__ql_0.8",3310889825551669.0
"volume__fft_coefficient__attr_""real""__coeff_0",29295377064.0
"volume__fft_coefficient__attr_""real""__coeff_1",5728335926.174444
"volume__fft_coefficient__attr_""real""__coeff_2",1656629903.6908374
"volume__fft_coefficient__attr_""real""__coeff_3",-3196677464.1112385
"volume__fft_coefficient__attr_""real""__coeff_4",-1916439022.3284886
"volume__fft_coefficient__attr_""real""__coeff_5",-2145298436.510798
"volume__fft_coefficient__attr_""real""__coeff_6",54622754.10912204
"volume__fft_coefficient__attr_""real""__coeff_7",-402435363.4063153
"volume__fft_coefficient__attr_""real""__coeff_8",589569714.3060445
"volume__fft_coefficient__attr_""real""__coeff_9",359968008.1056999
"volume__fft_coefficient__attr_""real""__coeff_10",-64710138.09530085
"volume__fft_coefficient__attr_""real""__coeff_11",-962353685.8519102
"volume__fft_coefficient__attr_""real""__coeff_12",-194116534.9914118
"volume__fft_coefficient__attr_""real""__coeff_13",-109011157.8875716
"volume__fft_coefficient__attr_""real""__coeff_14",48627368.41623908
"volume__fft_coefficient__attr_""real""__coeff_15",116425211.07553506
"volume__fft_coefficient__attr_""real""__coeff_16",-759319171.7290779
"volume__fft_coefficient__attr_""real""__coeff_17",671436731.611794
"volume__fft_coefficient__attr_""real""__coeff_18",1807563069.7341518
"volume__fft_coefficient__attr_""real""__coeff_19",1279043703.9632401
"volume__fft_coefficient__attr_""real""__coeff_20",200171424.3093488
"volume__fft_coefficient__attr_""real""__coeff_21",-1177232431.3752656
"volume__fft_coefficient__attr_""real""__coeff_22",-404187286.858984
"volume__fft_coefficient__attr_""real""__coeff_23",-541233268.5817525
"volume__fft_coefficient__attr_""real""__coeff_24",606220322.1725657
"volume__fft_coefficient__attr_""real""__coeff_25",544723185.67603
"volume__fft_coefficient__attr_""real""__coeff_26",546134905.8311799
"volume__fft_coefficient__attr_""real""__coeff_27",-96068105.21740574
"volume__fft_coefficient__attr_""real""__coeff_28",424805946.71742034
"volume__fft_coefficient__attr_""real""__coeff_29",-372889353.88929725
"volume__fft_coefficient__attr_""real""__coeff_30",166121281.56586444
"volume__fft_coefficient__attr_""real""__coeff_31",449152138.5212428
"volume__fft_coefficient__attr_""real""__coeff_32",763455037.0779399
"volume__fft_coefficient__attr_""real""__coeff_33",-145049873.33665025
"volume__fft_coefficient__attr_""real""__coeff_34",-214029347.8133886
"volume__fft_coefficient__attr_""real""__coeff_35",-349648737.1357384
"volume__fft_coefficient__attr_""real""__coeff_36",-127866189.54491687
"volume__fft_coefficient__attr_""real""__coeff_37",-744500665.5961453
"volume__fft_coefficient__attr_""real""__coeff_38",-668879430.2004479
"volume__fft_coefficient__attr_""real""__coeff_39",-230853214.0041117
"volume__fft_coefficient__attr_""real""__coeff_40",-860194259.0774032
"volume__fft_coefficient__attr_""real""__coeff_41",30710575.2905173
"volume__fft_coefficient__attr_""real""__coeff_42",670764210.9768248
"volume__fft_coefficient__attr_""real""__coeff_43",651071845.8668976
"volume__fft_coefficient__attr_""real""__coeff_44",315155467.9903634
"volume__fft_coefficient__attr_""real""__coeff_45",38146810.84806335
"volume__fft_coefficient__attr_""real""__coeff_46",125893956.94205475
"volume__fft_coefficient__attr_""real""__coeff_47",206249567.4639306
"volume__fft_coefficient__attr_""real""__coeff_48",9788939.454697758
"volume__fft_coefficient__attr_""real""__coeff_49",-116156352.98614752
"volume__fft_coefficient__attr_""real""__coeff_50",-381440553.0344491
"volume__fft_coefficient__attr_""real""__coeff_51",-632269778.2115215
"volume__fft_coefficient__attr_""real""__coeff_52",-400266411.975402
"volume__fft_coefficient__attr_""real""__coeff_53",460596553.73433053
"volume__fft_coefficient__attr_""real""__coeff_54",723491363.3133974
"volume__fft_coefficient__attr_""real""__coeff_55",156219334.9351075
"volume__fft_coefficient__attr_""real""__coeff_56",219088936.0585632
"volume__fft_coefficient__attr_""real""__coeff_57",-65065393.69705954
"volume__fft_coefficient__attr_""real""__coeff_58",-98653940.03250164
"volume__fft_coefficient__attr_""real""__coeff_59",-319993182.32911325
"volume__fft_coefficient__attr_""real""__coeff_60",-477461000.18180585
"volume__fft_coefficient__attr_""real""__coeff_61",-785977416.6638694
"volume__fft_coefficient__attr_""real""__coeff_62",678782833.9319961
"volume__fft_coefficient__attr_""real""__coeff_63",745169902.3388075
"volume__fft_coefficient__attr_""real""__coeff_64",818587052.9590918
"volume__fft_coefficient__attr_""real""__coeff_65",-86739015.83466718
"volume__fft_coefficient__attr_""real""__coeff_66",-71667814.85416979
"volume__fft_coefficient__attr_""real""__coeff_67",-597979533.7930964
"volume__fft_coefficient__attr_""real""__coeff_68",-308600026.6433124
"volume__fft_coefficient__attr_""real""__coeff_69",-351146082.9278343
"volume__fft_coefficient__attr_""real""__coeff_70",225333295.13573837
"volume__fft_coefficient__attr_""real""__coeff_71",296498401.1679511
"volume__fft_coefficient__attr_""real""__coeff_72",633417088.6067736
"volume__fft_coefficient__attr_""real""__coeff_73",497530673.1699389
"volume__fft_coefficient__attr_""real""__coeff_74",399843894.0555207
"volume__fft_coefficient__attr_""real""__coeff_75",167661651.35841885
"volume__fft_coefficient__attr_""real""__coeff_76",-538766701.1379718
"volume__fft_coefficient__attr_""real""__coeff_77",-788511868.7755395
"volume__fft_coefficient__attr_""real""__coeff_78",-386922606.590094
"volume__fft_coefficient__attr_""real""__coeff_79",-535677854.8485408
"volume__fft_coefficient__attr_""real""__coeff_80",157578360.76900315
"volume__fft_coefficient__attr_""real""__coeff_81",394503500.51559556
"volume__fft_coefficient__attr_""real""__coeff_82",512418298.9860371
"volume__fft_coefficient__attr_""real""__coeff_83",-105421083.53780183
"volume__fft_coefficient__attr_""real""__coeff_84",-108689887.96458778
"volume__fft_coefficient__attr_""real""__coeff_85",265187292.1970528
"volume__fft_coefficient__attr_""real""__coeff_86",451215730.56906766
"volume__fft_coefficient__attr_""real""__coeff_87",-86411460.13133392
"volume__fft_coefficient__attr_""real""__coeff_88",0.0
"volume__fft_coefficient__attr_""real""__coeff_89",0.0
"volume__fft_coefficient__attr_""real""__coeff_90",0.0
"volume__fft_coefficient__attr_""real""__coeff_91",0.0
"volume__fft_coefficient__attr_""real""__coeff_92",0.0
"volume__fft_coefficient__attr_""real""__coeff_93",0.0
"volume__fft_coefficient__attr_""real""__coeff_94",0.0
"volume__fft_coefficient__attr_""real""__coeff_95",0.0
"volume__fft_coefficient__attr_""real""__coeff_96",0.0
"volume__fft_coefficient__attr_""real""__coeff_97",0.0
"volume__fft_coefficient__attr_""real""__coeff_98",0.0
"volume__fft_coefficient__attr_""real""__coeff_99",0.0
"volume__fft_coefficient__attr_""imag""__coeff_0",0.0
"volume__fft_coefficient__attr_""imag""__coeff_1",-819928796.8371406
"volume__fft_coefficient__attr_""imag""__coeff_2",-1516114163.3890142
"volume__fft_coefficient__attr_""imag""__coeff_3",180991423.30960062
"volume__fft_coefficient__attr_""imag""__coeff_4",-950207736.3195968
"volume__fft_coefficient__attr_""imag""__coeff_5",1284014871.4618597
"volume__fft_coefficient__attr_""imag""__coeff_6",-899880895.2793747
"volume__fft_coefficient__attr_""imag""__coeff_7",1105703896.3920028
"volume__fft_coefficient__attr_""imag""__coeff_8",331739868.88314974
"volume__fft_coefficient__attr_""imag""__coeff_9",366051228.2185067
"volume__fft_coefficient__attr_""imag""__coeff_10",91211890.34068483
"volume__fft_coefficient__attr_""imag""__coeff_11",214332944.42506626
"volume__fft_coefficient__attr_""imag""__coeff_12",-483298717.3067483
"volume__fft_coefficient__attr_""imag""__coeff_13",216613336.5591303
"volume__fft_coefficient__attr_""imag""__coeff_14",742933437.9393555
"volume__fft_coefficient__attr_""imag""__coeff_15",788251618.4169403
"volume__fft_coefficient__attr_""imag""__coeff_16",360881378.42813206
"volume__fft_coefficient__attr_""imag""__coeff_17",-767348806.6807902
"volume__fft_coefficient__attr_""imag""__coeff_18",-589994411.7606813
"volume__fft_coefficient__attr_""imag""__coeff_19",-365972667.21369725
"volume__fft_coefficient__attr_""imag""__coeff_20",375297225.04981244
"volume__fft_coefficient__attr_""imag""__coeff_21",-78678389.17910028
"volume__fft_coefficient__attr_""imag""__coeff_22",105705743.63883424
"volume__fft_coefficient__attr_""imag""__coeff_23",-449255594.97418344
"volume__fft_coefficient__attr_""imag""__coeff_24",672917149.0438632
"volume__fft_coefficient__attr_""imag""__coeff_25",547367787.2006488
"volume__fft_coefficient__attr_""imag""__coeff_26",705834851.5168006
"volume__fft_coefficient__attr_""imag""__coeff_27",-46644547.170699775
"volume__fft_coefficient__attr_""imag""__coeff_28",-477129115.33356833
"volume__fft_coefficient__attr_""imag""__coeff_29",-450336539.6258375
"volume__fft_coefficient__attr_""imag""__coeff_30",-1027261168.9157512
"volume__fft_coefficient__attr_""imag""__coeff_31",-404240007.0158032
"volume__fft_coefficient__attr_""imag""__coeff_32",393095837.93451846
"volume__fft_coefficient__attr_""imag""__coeff_33",883398227.1735044
"volume__fft_coefficient__attr_""imag""__coeff_34",-530164745.93955326
"volume__fft_coefficient__attr_""imag""__coeff_35",-163122418.98085552
"volume__fft_coefficient__attr_""imag""__coeff_36",-124875440.67866108
"volume__fft_coefficient__attr_""imag""__coeff_37",21674905.270854533
"volume__fft_coefficient__attr_""imag""__coeff_38",-306855796.07003057
"volume__fft_coefficient__attr_""imag""__coeff_39",6570485.393621802
"volume__fft_coefficient__attr_""imag""__coeff_40",143826472.61408496
"volume__fft_coefficient__attr_""imag""__coeff_41",979721362.6047442
"volume__fft_coefficient__attr_""imag""__coeff_42",819624019.8811681
"volume__fft_coefficient__attr_""imag""__coeff_43",882390212.9833124
"volume__fft_coefficient__attr_""imag""__coeff_44",319589443.4316166
"volume__fft_coefficient__attr_""imag""__coeff_45",-698711334.0332115
"volume__fft_coefficient__attr_""imag""__coeff_46",-131863202.73789513
"volume__fft_coefficient__attr_""imag""__coeff_47",-432177214.810331
"volume__fft_coefficient__attr_""imag""__coeff_48",-1137260875.918402
"volume__fft_coefficient__attr_""imag""__coeff_49",-740110274.7857924
"volume__fft_coefficient__attr_""imag""__coeff_50",110330307.11881188
"volume__fft_coefficient__attr_""imag""__coeff_51",1010280262.5655079
"volume__fft_coefficient__attr_""imag""__coeff_52",854300034.3780044
"volume__fft_coefficient__attr_""imag""__coeff_53",8267167.5730232
"volume__fft_coefficient__attr_""imag""__coeff_54",-536380792.671714
"volume__fft_coefficient__attr_""imag""__coeff_55",-284512190.918332
"volume__fft_coefficient__attr_""imag""__coeff_56",26789004.359204203
"volume__fft_coefficient__attr_""imag""__coeff_57",-201134846.08203346
"volume__fft_coefficient__attr_""imag""__coeff_58",63235912.08244911
"volume__fft_coefficient__attr_""imag""__coeff_59",-84177269.72779
"volume__fft_coefficient__attr_""imag""__coeff_60",89155459.56243673
"volume__fft_coefficient__attr_""imag""__coeff_61",391282022.4370637
"volume__fft_coefficient__attr_""imag""__coeff_62",74286770.97008726
"volume__fft_coefficient__attr_""imag""__coeff_63",142319018.09095562
"volume__fft_coefficient__attr_""imag""__coeff_64",-431386745.2706675
"volume__fft_coefficient__attr_""imag""__coeff_65",-459649107.54129016
"volume__fft_coefficient__attr_""imag""__coeff_66",-536704701.81010765
"volume__fft_coefficient__attr_""imag""__coeff_67",-209979444.1795892
"volume__fft_coefficient__attr_""imag""__coeff_68",-72780689.77259094
"volume__fft_coefficient__attr_""imag""__coeff_69",65716827.84748849
"volume__fft_coefficient__attr_""imag""__coeff_70",54496832.64532135
"volume__fft_coefficient__attr_""imag""__coeff_71",536665915.7534014
"volume__fft_coefficient__attr_""imag""__coeff_72",393145951.3080569
"volume__fft_coefficient__attr_""imag""__coeff_73",317421368.17672724
"volume__fft_coefficient__attr_""imag""__coeff_74",135273009.2838605
"volume__fft_coefficient__attr_""imag""__coeff_75",137210328.8061203
"volume__fft_coefficient__attr_""imag""__coeff_76",-496358824.3773691
"volume__fft_coefficient__attr_""imag""__coeff_77",-188630463.62367266
"volume__fft_coefficient__attr_""imag""__coeff_78",124714733.75973123
"volume__fft_coefficient__attr_""imag""__coeff_79",-267402608.45577797
"volume__fft_coefficient__attr_""imag""__coeff_80",195315368.63777533
"volume__fft_coefficient__attr_""imag""__coeff_81",606833723.8070902
"volume__fft_coefficient__attr_""imag""__coeff_82",507937093.6869122
"volume__fft_coefficient__attr_""imag""__coeff_83",666140142.7773883
"volume__fft_coefficient__attr_""imag""__coeff_84",-34034084.073429376
"volume__fft_coefficient__attr_""imag""__coeff_85",-254311089.07791042
"volume__fft_coefficient__attr_""imag""__coeff_86",-464187346.6888637
"volume__fft_coefficient__attr_""imag""__coeff_87",-157657600.81569433
"volume__fft_coefficient__attr_""imag""__coeff_88",0.0
"volume__fft_coefficient__attr_""imag""__coeff_89",0.0
"volume__fft_coefficient__attr_""imag""__coeff_90",0.0
"volume__fft_coefficient__attr_""imag""__coeff_91",0.0
"volume__fft_coefficient__attr_""imag""__coeff_92",0.0
"volume__fft_coefficient__attr_""imag""__coeff_93",0.0
"volume__fft_coefficient__attr_""imag""__coeff_94",0.0
"volume__fft_coefficient__attr_""imag""__coeff_95",0.0
"volume__fft_coefficient__attr_""imag""__coeff_96",0.0
"volume__fft_coefficient__attr_""imag""__coeff_97",0.0
"volume__fft_coefficient__attr_""imag""__coeff_98",0.0
"volume__fft_coefficient__attr_""imag""__coeff_99",0.0
"volume__fft_coefficient__attr_""abs""__coeff_0",29295377064.0
"volume__fft_coefficient__attr_""abs""__coeff_1",5786718907.548874
"volume__fft_coefficient__attr_""abs""__coeff_2",2245668006.2358913
"volume__fft_coefficient__attr_""abs""__coeff_3",3201797105.5125113
"volume__fft_coefficient__attr_""abs""__coeff_4",2139072992.7856567
"volume__fft_coefficient__attr_""abs""__coeff_5",2500199906.373667
"volume__fft_coefficient__attr_""abs""__coeff_6",901537171.1445261
"volume__fft_coefficient__attr_""abs""__coeff_7",1176662792.9090092
"volume__fft_coefficient__attr_""abs""__coeff_8",676493746.1895124
"volume__fft_coefficient__attr_""abs""__coeff_9",513391145.75522476
"volume__fft_coefficient__attr_""abs""__coeff_10",111834748.23074456
"volume__fft_coefficient__attr_""abs""__coeff_11",985932668.9681582
"volume__fft_coefficient__attr_""abs""__coeff_12",520825190.7381402
"volume__fft_coefficient__attr_""abs""__coeff_13",242496948.68032488
"volume__fft_coefficient__attr_""abs""__coeff_14",744523145.4880896
"volume__fft_coefficient__attr_""abs""__coeff_15",796803265.3741502
"volume__fft_coefficient__attr_""abs""__coeff_16",840714561.4603816
"volume__fft_coefficient__attr_""abs""__coeff_17",1019633010.2894675
"volume__fft_coefficient__attr_""abs""__coeff_18",1901414646.2504127
"volume__fft_coefficient__attr_""abs""__coeff_19",1330371673.554241
"volume__fft_coefficient__attr_""abs""__coeff_20",425342927.8125156
"volume__fft_coefficient__attr_""abs""__coeff_21",1179858672.216947
"volume__fft_coefficient__attr_""abs""__coeff_22",417781123.432672
"volume__fft_coefficient__attr_""abs""__coeff_23",703394654.9663959
"volume__fft_coefficient__attr_""abs""__coeff_24",905715500.8568255
"volume__fft_coefficient__attr_""abs""__coeff_25",772227196.8002535
"volume__fft_coefficient__attr_""abs""__coeff_26",892449535.2584232
"volume__fft_coefficient__attr_""abs""__coeff_27",106793233.029168
"volume__fft_coefficient__attr_""abs""__coeff_28",638836665.4047632
"volume__fft_coefficient__attr_""abs""__coeff_29",584678945.3761364
"volume__fft_coefficient__attr_""abs""__coeff_30",1040606452.6761502
"volume__fft_coefficient__attr_""abs""__coeff_31",604274463.1459634
"volume__fft_coefficient__attr_""abs""__coeff_32",858712950.5493206
"volume__fft_coefficient__attr_""abs""__coeff_33",895227285.9605368
"volume__fft_coefficient__attr_""abs""__coeff_34",571737019.5838078
"volume__fft_coefficient__attr_""abs""__coeff_35",385827892.9196053
"volume__fft_coefficient__attr_""abs""__coeff_36",178727832.50917134
"volume__fft_coefficient__attr_""abs""__coeff_37",744816113.2733394
"volume__fft_coefficient__attr_""abs""__coeff_38",735907719.5729421
"volume__fft_coefficient__attr_""abs""__coeff_39",230946698.81670964
"volume__fft_coefficient__attr_""abs""__coeff_40",872135435.339221
"volume__fft_coefficient__attr_""abs""__coeff_41",980202574.8684663
"volume__fft_coefficient__attr_""abs""__coeff_42",1059107247.0215316
"volume__fft_coefficient__attr_""abs""__coeff_43",1096588818.3130744
"volume__fft_coefficient__attr_""abs""__coeff_44",448843381.76824605
"volume__fft_coefficient__attr_""abs""__coeff_45",699751889.9469639
"volume__fft_coefficient__attr_""abs""__coeff_46",182310703.55528542
"volume__fft_coefficient__attr_""abs""__coeff_47",478869532.4201295
"volume__fft_coefficient__attr_""abs""__coeff_48",1137303004.1419652
"volume__fft_coefficient__attr_""abs""__coeff_49",749169885.3948573
"volume__fft_coefficient__attr_""abs""__coeff_50",397076405.9575408
"volume__fft_coefficient__attr_""abs""__coeff_51",1191818476.6855557
"volume__fft_coefficient__attr_""abs""__coeff_52",943420240.0276994
"volume__fft_coefficient__attr_""abs""__coeff_53",460670740.73748434
"volume__fft_coefficient__attr_""abs""__coeff_54",900635391.0080453
"volume__fft_coefficient__attr_""abs""__coeff_55",324579215.8914626
"volume__fft_coefficient__attr_""abs""__coeff_56",220720666.58523542
"volume__fft_coefficient__attr_""abs""__coeff_57",211397094.9786128
"volume__fft_coefficient__attr_""abs""__coeff_58",117180973.11780468
"volume__fft_coefficient__attr_""abs""__coeff_59",330879811.2244659
"volume__fft_coefficient__attr_""abs""__coeff_60",485713601.48177826
"volume__fft_coefficient__attr_""abs""__coeff_61",877987540.1097947
"volume__fft_coefficient__attr_""abs""__coeff_62",682835748.9044595
"volume__fft_coefficient__attr_""abs""__coeff_63",758638837.828648
"volume__fft_coefficient__attr_""abs""__coeff_64",925299566.2311047
"volume__fft_coefficient__attr_""abs""__coeff_65",467761647.5636616
"volume__fft_coefficient__attr_""abs""__coeff_66",541468570.3076847
"volume__fft_coefficient__attr_""abs""__coeff_67",633775109.8089749
"volume__fft_coefficient__attr_""abs""__coeff_68",317066247.4121571
"volume__fft_coefficient__attr_""abs""__coeff_69",357242596.8692674
"volume__fft_coefficient__attr_""abs""__coeff_70",231829675.98023757
"volume__fft_coefficient__attr_""abs""__coeff_71",613124462.9164524
"volume__fft_coefficient__attr_""abs""__coeff_72",745507174.4584342
"volume__fft_coefficient__attr_""abs""__coeff_73",590163617.7536854
"volume__fft_coefficient__attr_""abs""__coeff_74",422106534.7210274
"volume__fft_coefficient__attr_""abs""__coeff_75",216649725.74945864
"volume__fft_coefficient__attr_""abs""__coeff_76",732558284.9114305
"volume__fft_coefficient__attr_""abs""__coeff_77",810760395.55887
"volume__fft_coefficient__attr_""abs""__coeff_78",406525359.98044854
"volume__fft_coefficient__attr_""abs""__coeff_79",598711048.156027
"volume__fft_coefficient__attr_""abs""__coeff_80",250956237.23820093
"volume__fft_coefficient__attr_""abs""__coeff_81",723795675.7736526
"volume__fft_coefficient__attr_""abs""__coeff_82",721507175.4867381
"volume__fft_coefficient__attr_""abs""__coeff_83",674430348.2745742
"volume__fft_coefficient__attr_""abs""__coeff_84",113893856.83377266
"volume__fft_coefficient__attr_""abs""__coeff_85",367421324.87213904
"volume__fft_coefficient__attr_""abs""__coeff_86",647352707.8332374
"volume__fft_coefficient__attr_""abs""__coeff_87",179785593.24092108
"volume__fft_coefficient__attr_""abs""__coeff_88",0.0
"volume__fft_coefficient__attr_""abs""__coeff_89",0.0
"volume__fft_coefficient__attr_""abs""__coeff_90",0.0
"volume__fft_coefficient__attr_""abs""__coeff_91",0.0
"volume__fft_coefficient__attr_""abs""__coeff_92",0.0
"volume__fft_coefficient__attr_""abs""__coeff_93",0.0
"volume__fft_coefficient__attr_""abs""__coeff_94",0.0
"volume__fft_coefficient__attr_""abs""__coeff_95",0.0
"volume__fft_coefficient__attr_""abs""__coeff_96",0.0
"volume__fft_coefficient__attr_""abs""__coeff_97",0.0
"volume__fft_coefficient__attr_""abs""__coeff_98",0.0
"volume__fft_coefficient__attr_""abs""__coeff_99",0.0
"volume__fft_coefficient__attr_""angle""__coeff_0",0.0
"volume__fft_coefficient__attr_""angle""__coeff_1",-8.145737045957226
"volume__fft_coefficient__attr_""angle""__coeff_2",-42.464119069275924
"volume__fft_coefficient__attr_""angle""__coeff_3",176.75945255790074
"volume__fft_coefficient__attr_""angle""__coeff_4",-153.62689150963013
"volume__fft_coefficient__attr_""angle""__coeff_5",149.09842209716987
"volume__fft_coefficient__attr_""angle""__coeff_6",-86.52640916802666
"volume__fft_coefficient__attr_""angle""__coeff_7",109.9996365625749
"volume__fft_coefficient__attr_""angle""__coeff_8",29.365645054693385
"volume__fft_coefficient__attr_""angle""__coeff_9",45.480062599836735
"volume__fft_coefficient__attr_""angle""__coeff_10",125.35373776082368
"volume__fft_coefficient__attr_""angle""__coeff_11",167.44415675711556
"volume__fft_coefficient__attr_""angle""__coeff_12",-111.8828210912342
"volume__fft_coefficient__attr_""angle""__coeff_13",116.71393120018206
"volume__fft_coefficient__attr_""angle""__coeff_14",86.25514977721214
"volume__fft_coefficient__attr_""angle""__coeff_15",81.59812635451654
"volume__fft_coefficient__attr_""angle""__coeff_16",154.57967623279234
"volume__fft_coefficient__attr_""angle""__coeff_17",-48.81379886483645
"volume__fft_coefficient__attr_""angle""__coeff_18",-18.076849510128703
"volume__fft_coefficient__attr_""angle""__coeff_19",-15.967410056614161
"volume__fft_coefficient__attr_""angle""__coeff_20",61.925979296313244
"volume__fft_coefficient__attr_""angle""__coeff_21",-176.17641717732417
"volume__fft_coefficient__attr_""angle""__coeff_22",165.34388276956827
"volume__fft_coefficient__attr_""angle""__coeff_23",-140.30532224845072
"volume__fft_coefficient__attr_""angle""__coeff_24",47.98481529326179
"volume__fft_coefficient__attr_""angle""__coeff_25",45.13874687497001
"volume__fft_coefficient__attr_""angle""__coeff_26",52.26933189026226
"volume__fft_coefficient__attr_""angle""__coeff_27",-154.10174629653122
"volume__fft_coefficient__attr_""angle""__coeff_28",-48.320128672127005
"volume__fft_coefficient__attr_""angle""__coeff_29",-129.62556417217445
"volume__fft_coefficient__attr_""angle""__coeff_30",-80.81406200861528
"volume__fft_coefficient__attr_""angle""__coeff_31",-41.98742973121161
"volume__fft_coefficient__attr_""angle""__coeff_32",27.24351395986901
"volume__fft_coefficient__attr_""angle""__coeff_33",99.32449765437191
"volume__fft_coefficient__attr_""angle""__coeff_34",-111.98410075101819
"volume__fft_coefficient__attr_""angle""__coeff_35",-154.98943014510576
"volume__fft_coefficient__attr_""angle""__coeff_36",-135.6779622732715
"volume__fft_coefficient__attr_""angle""__coeff_37",178.3323992014735
"volume__fft_coefficient__attr_""angle""__coeff_38",-155.35618884885744
"volume__fft_coefficient__attr_""angle""__coeff_39",178.36970223692
"volume__fft_coefficient__attr_""angle""__coeff_40",170.50781939509457
"volume__fft_coefficient__attr_""angle""__coeff_41",88.20458097370371
"volume__fft_coefficient__attr_""angle""__coeff_42",50.70377925804698
"volume__fft_coefficient__attr_""angle""__coeff_43",53.57822922915847
"volume__fft_coefficient__attr_""angle""__coeff_44",45.40022998622649
"volume__fft_coefficient__attr_""angle""__coeff_45",-86.87498480523271
"volume__fft_coefficient__attr_""angle""__coeff_46",-46.326641980613886
"volume__fft_coefficient__attr_""angle""__coeff_47",-64.4879469321272
"volume__fft_coefficient__attr_""angle""__coeff_48",-89.50684044625777
"volume__fft_coefficient__attr_""angle""__coeff_49",-98.91950738102922
"volume__fft_coefficient__attr_""angle""__coeff_50",163.8676774822265
"volume__fft_coefficient__attr_""angle""__coeff_51",122.03981549429575
"volume__fft_coefficient__attr_""angle""__coeff_52",115.10456659202393
"volume__fft_coefficient__attr_""angle""__coeff_53",1.0282815842670834
"volume__fft_coefficient__attr_""angle""__coeff_54",-36.55243517497006
"volume__fft_coefficient__attr_""angle""__coeff_55",-61.22978769081585
"volume__fft_coefficient__attr_""angle""__coeff_56",6.971211603844436
"volume__fft_coefficient__attr_""angle""__coeff_57",-107.92594838414077
"volume__fft_coefficient__attr_""angle""__coeff_58",147.34064864802772
"volume__fft_coefficient__attr_""angle""__coeff_59",-165.26170588263136
"volume__fft_coefficient__attr_""angle""__coeff_60",169.42306666555083
"volume__fft_coefficient__attr_""angle""__coeff_61",153.53456573864136
"volume__fft_coefficient__attr_""angle""__coeff_62",6.245659383496569
"volume__fft_coefficient__attr_""angle""__coeff_63",10.812630793159414
"volume__fft_coefficient__attr_""angle""__coeff_64",-27.788757710126767
"volume__fft_coefficient__attr_""angle""__coeff_65",-100.68644936259453
"volume__fft_coefficient__attr_""angle""__coeff_66",-97.60588602270475
"volume__fft_coefficient__attr_""angle""__coeff_67",-160.6513665726098
"volume__fft_coefficient__attr_""angle""__coeff_68",-166.72976687137896
"volume__fft_coefficient__attr_""angle""__coeff_69",169.39974388242493
"volume__fft_coefficient__attr_""angle""__coeff_70",13.595909440834422
"volume__fft_coefficient__attr_""angle""__coeff_71",61.08012812305889
"volume__fft_coefficient__attr_""angle""__coeff_72",31.826827347266494
"volume__fft_coefficient__attr_""angle""__coeff_73",32.537613554671985
"volume__fft_coefficient__attr_""angle""__coeff_74",18.691426541394552
"volume__fft_coefficient__attr_""angle""__coeff_75",39.29608240144239
"volume__fft_coefficient__attr_""angle""__coeff_76",-137.34602880523965
"volume__fft_coefficient__attr_""angle""__coeff_77",-166.546348478267
"volume__fft_coefficient__attr_""angle""__coeff_78",162.13458405559965
"volume__fft_coefficient__attr_""angle""__coeff_79",-153.47229571598945
"volume__fft_coefficient__attr_""angle""__coeff_80",51.10378000537941
"volume__fft_coefficient__attr_""angle""__coeff_81",56.97204529506964
"volume__fft_coefficient__attr_""angle""__coeff_82",44.74836953685158
"volume__fft_coefficient__attr_""angle""__coeff_83",98.99285518657778
"volume__fft_coefficient__attr_""angle""__coeff_84",-162.61308700172268
"volume__fft_coefficient__attr_""angle""__coeff_85",-43.800632426582766
"volume__fft_coefficient__attr_""angle""__coeff_86",-45.81184904824899
"volume__fft_coefficient__attr_""angle""__coeff_87",-118.72695995043892
"volume__fft_coefficient__attr_""angle""__coeff_88",0.0
"volume__fft_coefficient__attr_""angle""__coeff_89",0.0
"volume__fft_coefficient__attr_""angle""__coeff_90",0.0
"volume__fft_coefficient__attr_""angle""__coeff_91",0.0
"volume__fft_coefficient__attr_""angle""__coeff_92",0.0
"volume__fft_coefficient__attr_""angle""__coeff_93",0.0
"volume__fft_coefficient__attr_""angle""__coeff_94",0.0
"volume__fft_coefficient__attr_""angle""__coeff_95",0.0
"volume__fft_coefficient__attr_""angle""__coeff_96",0.0
"volume__fft_coefficient__attr_""angle""__coeff_97",0.0
"volume__fft_coefficient__attr_""angle""__coeff_98",0.0
"volume__fft_coefficient__attr_""angle""__coeff_99",0.0
"volume__fft_aggregated__aggtype_""centroid""",23.290537069106936
"volume__fft_aggregated__aggtype_""variance""",720.8404045782434
"volume__fft_aggregated__aggtype_""skew""",0.8632256563438909
"volume__fft_aggregated__aggtype_""kurtosis""",4.0772987164220025
volume__value_count__value_0,0.0
volume__value_count__value_1,0.0
volume__value_count__value_-1,0.0
volume__range_count__max_1__min_-1,0.0
volume__range_count__max_0__min_-1000000000000.0,0.0
volume__range_count__max_1000000000000.0__min_0,175.0
volume__approximate_entropy__m_2__r_0.1,0.5718545174832457
volume__approximate_entropy__m_2__r_0.3,0.8689017544905853
volume__approximate_entropy__m_2__r_0.5,0.6625577506688334
volume__approximate_entropy__m_2__r_0.7,0.5287016165310277
volume__approximate_entropy__m_2__r_0.9,0.3966501667696538
volume__friedrich_coefficients__coeff_0__m_3__r_30,-3.146669465741017e-18
volume__friedrich_coefficients__coeff_1__m_3__r_30,1.43885192595597e-09
volume__friedrich_coefficients__coeff_2__m_3__r_30,-0.47870041949590236
volume__friedrich_coefficients__coeff_3__m_3__r_30,57751823.99908855
volume__max_langevin_fixed_point__m_3__r_30,179448910.3205044
"volume__linear_trend__attr_""pvalue""",0.15730145742403973
"volume__linear_trend__attr_""rvalue""",-0.10736407519434454
"volume__linear_trend__attr_""intercept""",182505954.54467535
"volume__linear_trend__attr_""slope""",-173606.89532467545
"volume__linear_trend__attr_""stderr""",122227.04919102114
"volume__agg_linear_trend__attr_""rvalue""__chunk_len_5__f_agg_""max""",-0.16981409399868905
"volume__agg_linear_trend__attr_""rvalue""__chunk_len_5__f_agg_""min""",-0.00199922003483403
"volume__agg_linear_trend__attr_""rvalue""__chunk_len_5__f_agg_""mean""",-0.1321095360479435
"volume__agg_linear_trend__attr_""rvalue""__chunk_len_5__f_agg_""var""",-0.26365677509216545
"volume__agg_linear_trend__attr_""rvalue""__chunk_len_10__f_agg_""max""",-0.220162944704603
"volume__agg_linear_trend__attr_""rvalue""__chunk_len_10__f_agg_""min""",-0.007144807652520141
"volume__agg_linear_trend__attr_""rvalue""__chunk_len_10__f_agg_""mean""",-0.13440741921002813
"volume__agg_linear_trend__attr_""rvalue""__chunk_len_10__f_agg_""var""",-0.20743273262479242
"volume__agg_linear_trend__attr_""rvalue""__chunk_len_50__f_agg_""max""",-0.38867980827379295
"volume__agg_linear_trend__attr_""rvalue""__chunk_len_50__f_agg_""min""",0.5493950079167277
"volume__agg_linear_trend__attr_""rvalue""__chunk_len_50__f_agg_""mean""",0.04357507240562607
"volume__agg_linear_trend__attr_""rvalue""__chunk_len_50__f_agg_""var""",-0.7043113137789624
"volume__agg_linear_trend__attr_""intercept""__chunk_len_5__f_agg_""max""",256597002.93333334
"volume__agg_linear_trend__attr_""intercept""__chunk_len_5__f_agg_""min""",120296006.62857142
"volume__agg_linear_trend__attr_""intercept""__chunk_len_5__f_agg_""mean""",182154600.98285717
"volume__agg_linear_trend__attr_""intercept""__chunk_len_5__f_agg_""var""",4133330428477574.0
"volume__agg_linear_trend__attr_""intercept""__chunk_len_10__f_agg_""max""",303554648.1403509
"volume__agg_linear_trend__attr_""intercept""__chunk_len_10__f_agg_""min""",102447446.69005848
"volume__agg_linear_trend__attr_""intercept""__chunk_len_10__f_agg_""mean""",180845179.1391813
"volume__agg_linear_trend__attr_""intercept""__chunk_len_10__f_agg_""var""",4295062789092995.0
"volume__agg_linear_trend__attr_""intercept""__chunk_len_50__f_agg_""max""",453129910.4
"volume__agg_linear_trend__attr_""intercept""__chunk_len_50__f_agg_""min""",67207461.6
"volume__agg_linear_trend__attr_""intercept""__chunk_len_50__f_agg_""mean""",171348517.95200002
"volume__agg_linear_trend__attr_""intercept""__chunk_len_50__f_agg_""var""",6875110606076574.0
"volume__agg_linear_trend__attr_""slope""__chunk_len_5__f_agg_""max""",-1826481.1540616245
"volume__agg_linear_trend__attr_""slope""__chunk_len_5__f_agg_""min""",-9875.287394957895
"volume__agg_linear_trend__attr_""slope""__chunk_len_5__f_agg_""mean""",-867790.960672269
"volume__agg_linear_trend__attr_""slope""__chunk_len_5__f_agg_""var""",-109518544193359.48
"volume__agg_linear_trend__attr_""slope""__chunk_len_10__f_agg_""max""",-4868290.212590299
"volume__agg_linear_trend__attr_""slope""__chunk_len_10__f_agg_""min""",-56353.91124871004
"volume__agg_linear_trend__attr_""slope""__chunk_len_10__f_agg_""mean""",-1532905.3680082553
"volume__agg_linear_trend__attr_""slope""__chunk_len_10__f_agg_""var""",-151842374828071.4
"volume__agg_linear_trend__attr_""slope""__chunk_len_50__f_agg_""max""",-35954137.6
"volume__agg_linear_trend__attr_""slope""__chunk_len_50__f_agg_""min""",14116971.6
"volume__agg_linear_trend__attr_""slope""__chunk_len_50__f_agg_""mean""",1739487.3120000034
"volume__agg_linear_trend__attr_""slope""__chunk_len_50__f_agg_""var""",-1582064898155144.8
"volume__agg_linear_trend__attr_""stderr""__chunk_len_5__f_agg_""max""",1845145.404554339
"volume__agg_linear_trend__attr_""stderr""__chunk_len_5__f_agg_""min""",859867.0562491326
"volume__agg_linear_trend__attr_""stderr""__chunk_len_5__f_agg_""mean""",1133445.564367864
"volume__agg_linear_trend__attr_""stderr""__chunk_len_5__f_agg_""var""",69750362532384.1
"volume__agg_linear_trend__attr_""stderr""__chunk_len_10__f_agg_""max""",5392412.327325714
"volume__agg_linear_trend__attr_""stderr""__chunk_len_10__f_agg_""min""",1971798.108009856
"volume__agg_linear_trend__attr_""stderr""__chunk_len_10__f_agg_""mean""",2825357.469102493
"volume__agg_linear_trend__attr_""stderr""__chunk_len_10__f_agg_""var""",179021522496101.25
"volume__agg_linear_trend__attr_""stderr""__chunk_len_50__f_agg_""max""",60266688.56734943
"volume__agg_linear_trend__attr_""stderr""__chunk_len_50__f_agg_""min""",15181717.640794495
"volume__agg_linear_trend__attr_""stderr""__chunk_len_50__f_agg_""mean""",28200411.25195239
"volume__agg_linear_trend__attr_""stderr""__chunk_len_50__f_agg_""var""",1127551662162293.2
"volume__augmented_dickey_fuller__attr_""teststat""__autolag_""AIC""",-3.0349398572494986
"volume__augmented_dickey_fuller__attr_""pvalue""__autolag_""AIC""",0.031757798634698825
"volume__augmented_dickey_fuller__attr_""usedlag""__autolag_""AIC""",14.0
volume__number_crossing_m__m_0,0.0
volume__number_crossing_m__m_-1,0.0
volume__number_crossing_m__m_1,0.0
volume__energy_ratio_by_chunks__num_segments_10__segment_focus_0,0.16566476130647081
volume__energy_ratio_by_chunks__num_segments_10__segment_focus_1,0.23544310119267023
volume__energy_ratio_by_chunks__num_segments_10__segment_focus_2,0.06450592831068834
volume__energy_ratio_by_chunks__num_segments_10__segment_focus_3,0.04277152866878015
volume__energy_ratio_by_chunks__num_segments_10__segment_focus_4,0.04237459825040988
volume__energy_ratio_by_chunks__num_segments_10__segment_focus_5,0.07612302277913387
volume__energy_ratio_by_chunks__num_segments_10__segment_focus_6,0.029749742821899263
volume__energy_ratio_by_chunks__num_segments_10__segment_focus_7,0.0621781911385852
volume__energy_ratio_by_chunks__num_segments_10__segment_focus_8,0.15271849300555812
volume__energy_ratio_by_chunks__num_segments_10__segment_focus_9,0.12847063252580407
volume__ratio_beyond_r_sigma__r_0.5,0.6342857142857142
volume__ratio_beyond_r_sigma__r_1,0.26285714285714284
volume__ratio_beyond_r_sigma__r_1.5,0.06857142857142857
volume__ratio_beyond_r_sigma__r_2,0.04
volume__ratio_beyond_r_sigma__r_2.5,0.02857142857142857
volume__ratio_beyond_r_sigma__r_3,0.017142857142857144
volume__ratio_beyond_r_sigma__r_5,0.0
volume__ratio_beyond_r_sigma__r_6,0.0
volume__ratio_beyond_r_sigma__r_7,0.0
volume__ratio_beyond_r_sigma__r_10,0.0
volume__count_above__t_0,1.0
volume__count_below__t_0,0.0
volume__lempel_ziv_complexity__bins_2,0.14285714285714285
volume__lempel_ziv_complexity__bins_3,0.2
volume__lempel_ziv_complexity__bins_5,0.26285714285714284
volume__lempel_ziv_complexity__bins_10,0.35428571428571426
volume__lempel_ziv_complexity__bins_100,0.6342857142857142
volume__fourier_entropy__bins_2,0.10847133903591605
volume__fourier_entropy__bins_3,0.17038623308278839
volume__fourier_entropy__bins_5,0.29381335074823467
volume__fourier_entropy__bins_10,0.4009394252656234
volume__fourier_entropy__bins_100,1.5901224664158604
volume__permutation_entropy__dimension_3__tau_1,1.7708518271225357
volume__permutation_entropy__dimension_4__tau_1,3.0754423562179443
volume__permutation_entropy__dimension_5__tau_1,4.315311566818775
volume__permutation_entropy__dimension_6__tau_1,4.994091070680833
volume__permutation_entropy__dimension_7__tau_1,5.121695789709346
volume__query_similarity_count__query_None__threshold_0.0,0.0
volume__mean_n_absolute_max__number_of_maxima_7,410756411.4285714
